date,infected,all_infected,newly_infected,recovered,detected,all_detected,ratio_detected,hospitalized,icu,dead,r,percent_new_infected
2020-02-10,0.0,0.0,0.0,0.0,0.0,0.0,0.095,0.0,0.0,0.0,0.0,0.0
2020-02-11,0.0,0.0,0.0,0.0,0.0,0.0,0.095,0.0,0.0,0.0,0.0,0.0
2020-02-12,0.0,0.0,0.0,0.0,0.0,0.0,0.095,0.0,0.0,0.0,0.0,0.0
2020-02-13,0.0,0.0,0.0,0.0,0.0,0.0,0.095,0.0,0.0,0.0,0.0,0.0
2020-02-14,0.0,0.0,0.0,0.0,0.0,0.0,0.095,0.0,0.0,0.0,0.0,0.0
2020-02-15,0.0,0.0,0.0,0.0,0.0,0.0,0.095,0.0,0.0,0.0,0.0,0.0
2020-02-16,0.0,0.0,0.0,0.0,0.0,0.0,0.095,0.0,0.0,0.0,0.0,0.0
2020-02-17,0.0,0.0,0.0,0.0,0.0,0.0,0.095,0.0,0.0,0.0,0.0,0.0
2020-02-18,2.0,2.0,2.0,0.0,0.19,0.19,0.095,0.046,0.0092,0.02666666666666667,0.0,0.6666666666666666
2020-02-19,7.0,7.0,5.0,0.0,0.665,0.665,0.095,0.161,0.0322,0.09333333333333334,0.0,0.625
2020-02-20,11.0,11.0,4.0,0.0,1.045,1.045,0.095,0.253,0.050600000000000006,0.14666666666666667,0.0,0.3333333333333333
2020-02-21,13.0,13.0,2.0,0.0,1.235,1.235,0.095,0.299,0.0598,0.17333333333333334,0.0,0.14285714285714285
2020-02-22,20.0,20.0,7.0,0.0,1.9,1.9,0.095,0.45999999999999996,0.092,0.26666666666666666,0.0,0.3333333333333333
2020-02-23,23.0,23.0,3.0,0.0,2.185,2.185,0.095,0.529,0.1058,0.30666666666666664,0.0,0.125
2020-02-24,27.0,27.0,4.0,0.0,2.565,2.565,0.095,0.621,0.1242,0.36,0.0,0.14285714285714285
2020-02-25,37.0,37.0,10.0,0.0,3.515,3.515,0.095,0.851,0.17020000000000002,0.49333333333333335,0.0,0.2631578947368421
2020-02-26,52.0,52.0,15.0,0.0,4.94,4.94,0.095,1.196,0.2392,0.6933333333333334,0.0,0.2830188679245283
2020-02-27,64.0,64.0,12.0,0.0,6.08,6.08,0.095,1.472,0.2944,0.8533333333333334,0.0,0.18461538461538463
2020-02-28,79.0,79.0,15.0,0.0,7.505,7.505,0.095,1.817,0.3634,1.0533333333333332,0.0,0.1875
2020-02-29,103.0,103.0,24.0,0.0,9.785,9.785,0.095,2.3689999999999998,0.4738,1.3733333333333333,0.0,0.23076923076923078
2020-03-01,142.0,142.0,39.0,0.0,13.49,13.49,0.095,3.266,0.6532,1.8933333333333333,0.0,0.2727272727272727
2020-03-02,212.0,212.0,70.0,0.0,20.14,20.14,0.095,4.876,0.9752000000000001,2.8266666666666667,0.0,0.3286384976525822
2020-03-03,337.0,338.0,126.0,1.0,32.015,32.11,0.095,7.7509999999999994,1.5502,4.506666666666667,0.0,0.37168141592920356
2020-03-04,528.0,530.0,192.0,2.0,50.160000000000004,50.35,0.095,12.144,2.4288000000000003,7.066666666666666,0.0,0.3615819209039548
2020-03-05,769.0,771.0,241.0,2.0,73.055,73.245,0.095,17.687,3.5374000000000003,10.28,0.0,0.3121761658031088
2020-03-06,1182.0,1184.0,413.0,2.0,112.29,112.48,0.095,27.186,5.437200000000001,15.786666666666667,0.0,0.34852320675105486
2020-03-07,1828.0,1834.0,650.0,6.0,173.66,174.23,0.095,42.044,8.4088,24.453333333333333,0.0,0.3542234332425068
2020-03-08,2695.0,2705.0,871.0,10.0,256.025,256.975,0.095,61.985,12.397,36.06666666666667,0.0,0.32187730968218775
2020-03-09,4000.0,4013.0,1308.0,13.0,380.0,381.235,0.095,92.0,18.400000000000002,53.50666666666667,0.0,0.32585949177877427
2020-03-10,5823.0,5839.0,1826.0,16.0,553.1850000000001,554.705,0.095,133.929,26.785800000000002,77.85333333333334,0.0,0.31267123287671234
2020-03-11,8539.0,8559.0,2720.0,20.0,811.205,813.105,0.095,196.397,39.2794,114.12,0.0,0.3177570093457944
2020-03-12,12735.0,12762.0,4203.0,27.0,1209.825,1212.39,0.095,292.905,58.580999999999996,170.16,0.0,0.329311290448954
2020-03-13,18951.0,18988.0,6226.0,37.0,1800.345,1803.8600000000001,0.095,435.873,87.1746,253.17333333333335,4.285714285714286,0.32787403233450946
2020-03-14,28114.0,28174.0,9186.0,60.0,2670.83,2676.53,0.095,646.622,129.3244,375.6533333333333,6.7,0.32603371783496005
2020-03-15,30572.0,30673.0,2499.0,101.0,2904.34,2913.935,0.095,703.156,140.6312,408.97333333333336,4.173913043478261,0.08146964856230032
2020-03-16,33246.0,33398.0,2725.0,152.0,3158.37,3172.81,0.095,764.658,152.9316,445.3066666666667,3.975609756097561,0.0815892691397946
2020-03-17,35916.0,36109.0,2711.0,192.0,3412.02,3430.355,0.095,826.068,165.2136,481.4533333333333,3.5686274509803924,0.07507615618942122
2020-03-18,38714.0,39009.0,2900.0,293.0,3677.83,3705.855,0.095,890.422,178.08440000000002,520.12,3.951219512195122,0.0743399128428608
2020-03-19,41436.0,41878.0,2869.0,440.0,3936.42,3978.41,0.095,953.028,190.6056,558.3733333333333,3.715686274509804,0.06850688889419518
2020-03-20,44075.0,44723.0,2845.0,645.0,4187.125,4248.685,0.095,1013.725,202.745,596.3066666666666,3.761904761904762,0.06361237814149003
2020-03-21,46612.0,47496.0,2773.0,877.0,4428.14,4512.12,0.095,1072.076,214.41520000000003,633.28,3.1310679611650487,0.058382634692717435
2020-03-22,48967.0,50243.0,2747.0,1266.0,4651.865,4773.085,0.095,1126.241,225.2482,669.9066666666666,2.843220338983051,0.054673194809330465
2020-03-23,51215.0,52938.0,2695.0,1709.0,4865.425,5029.11,0.095,1177.945,235.589,705.84,2.813775510204082,0.05090764842554638
2020-03-24,53315.0,55626.0,2688.0,2293.0,5064.925,5284.47,0.095,1226.245,245.249,741.68,2.5413870246085013,0.04832185809049562
2020-03-25,55186.0,58194.0,2568.0,2983.0,5242.67,5528.43,0.095,1269.278,253.8556,775.92,2.238095238095238,0.04412750236274594
2020-03-26,56875.0,60690.0,2496.0,3785.0,5403.125,5765.55,0.095,1308.125,261.625,809.2,1.9096126255380201,0.04112636140449161
2020-03-27,58447.0,63228.0,2538.0,4746.0,5552.465,6006.66,0.095,1344.281,268.8562,843.04,1.8773234200743494,0.04013980926473612
2020-03-28,59838.0,65669.0,2441.0,5791.0,5684.61,6238.555,0.095,1376.274,275.2548,875.5866666666667,1.7536231884057971,0.0371707019948226
2020-03-29,60464.0,67522.0,1853.0,7016.0,5744.08,6414.59,0.095,1390.672,278.1344,900.2933333333333,1.7028571428571428,0.027442501073708218
2020-03-30,60891.0,69294.0,1772.0,8353.0,5784.645,6582.93,0.095,1400.493,280.0986,923.92,1.63080684596577,0.025571830579406884
2020-03-31,61116.0,71030.0,1736.0,9854.0,5806.02,6747.85,0.095,1405.668,281.1336,947.0666666666667,1.6007434944237917,0.02444003322492996
2020-04-01,61065.0,72647.0,1617.0,11515.0,5801.175,6901.465,0.095,1404.495,280.899,968.6266666666667,1.5499669093315684,0.022258011232243146
2020-04-02,60781.0,74128.0,1481.0,13271.0,5774.195,7042.16,0.095,1397.963,279.5926,988.3733333333333,1.4634292565947242,0.019978685804475982
2020-04-03,60211.0,75520.0,1392.0,15225.0,5720.045,7174.4,0.095,1384.853,276.97060000000005,1006.9333333333333,1.3937677053824362,0.01843195932257253
2020-04-04,59523.0,76907.0,1387.0,17291.0,5654.685,7306.165,0.095,1369.029,273.80580000000003,1025.4266666666667,1.370540265035678,0.018034534768814687
2020-04-05,58749.0,78187.0,1280.0,19335.0,5581.155,7427.765,0.095,1351.227,270.2454,1042.4933333333333,1.277590361445783,0.016370798588018622
2020-04-06,57934.0,79480.0,1293.0,21428.0,5503.7300000000005,7550.6,0.095,1332.482,266.4964,1059.7333333333333,1.2035053554040895,0.016268038902379184
2020-04-07,56827.0,80621.0,1141.0,23663.0,5398.5650000000005,7658.995,0.095,1307.021,261.4042,1074.9466666666667,1.1740986717267552,0.014152464587829625
2020-04-08,55660.0,81771.0,1150.0,25972.0,5363.90119047619,7880.1933928571425,0.09636904761904762,1280.18,256.036,1090.28,1.1610320284697508,0.01406349361639681
2020-04-09,54321.0,82806.0,1035.0,28337.0,5309.231071428571,8093.300714285714,0.09773809523809524,1249.383,249.87660000000002,1104.08,1.1260250323694432,0.012498943326047314
2020-04-10,53001.0,83827.0,1021.0,30672.0,5252.777678571429,8307.854464285714,0.09910714285714285,1219.023,243.8046,1117.6933333333334,1.095619208087616,0.012179701293124016
2020-04-11,51581.0,84806.0,979.0,33061.0,5182.662380952381,8520.983809523808,0.10047619047619047,1186.363,237.2726,1130.7466666666667,1.0807347287483982,0.01154385840791444
2020-04-12,49915.0,85732.0,926.0,35648.0,5083.605059523809,8731.395952380952,0.10184523809523809,1148.045,229.60900000000004,1143.0933333333332,1.059191329720717,0.010800975120432038
2020-04-13,48461.0,86593.0,861.0,37956.0,5001.867499999999,8937.634642857141,0.1032142857142857,1114.603,222.92060000000004,1154.5733333333333,1.0177469135802468,0.009942952167586668
2020-04-14,47157.0,87613.0,1020.0,40272.0,4931.836249999999,9162.859583333333,0.10458333333333332,1084.6109999999999,216.92219999999998,1168.1733333333334,0.9386609071274298,0.011641975026822198
2020-04-15,45816.0,88605.0,992.0,42599.0,4854.314285714285,9387.910714285714,0.10595238095238094,1053.768,210.7536,1181.4,0.9530981067125646,0.011195630092770241
2020-04-16,44420.0,89573.0,968.0,44953.0,4767.217857142857,9613.10232142857,0.10732142857142855,1021.66,204.332,1194.3066666666666,0.9412773253321903,0.010806707303458592
2020-04-17,43063.0,90544.0,971.0,47268.0,4680.537976190475,9841.270476190475,0.10869047619047617,990.449,198.0898,1207.2533333333333,0.9293570219966159,0.010723949417416754
2020-04-18,41681.0,91476.0,932.0,49570.0,4587.391011904761,10067.804999999998,0.11005952380952379,958.663,191.73260000000002,1219.68,0.8930412371134021,0.010188353356581435
2020-04-19,40441.0,92430.0,954.0,51755.0,4506.282857142856,10299.342857142856,0.1114285714285714,930.143,186.0286,1232.4,0.8500432152117545,0.010321212580194956
2020-04-20,39199.0,93367.0,937.0,53926.0,4421.553869047618,10531.575297619045,0.11279761904761902,901.577,180.3154,1244.8933333333334,0.850045578851413,0.010035558221232114
2020-04-21,37941.0,94238.0,871.0,56049.0,4331.597499999999,10758.838333333331,0.11416666666666664,872.643,174.5286,1256.5066666666667,0.9068379990821478,0.009242458005708888
2020-04-22,36648.0,95063.0,825.0,58160.0,4234.152857142856,10983.171607142855,0.11553571428571426,842.904,168.5808,1267.5066666666667,0.8318459370596524,0.008678364049482454
2020-04-23,35505.0,95926.0,863.0,60158.0,4150.70357142857,11214.206190476187,0.11690476190476187,816.615,163.323,1279.0133333333333,0.8437204910292729,0.008996424364360399
2020-04-24,34468.0,96819.0,893.0,62082.0,4076.6616666666655,11451.151964285711,0.11827380952380949,792.764,158.55280000000002,1290.92,0.8155533399800599,0.009223300970873786
2020-04-25,33439.0,97660.0,841.0,63944.0,4000.737499999999,11684.321428571426,0.1196428571428571,769.097,153.8194,1302.1333333333334,0.8098445595854922,0.008611421140475728
2020-04-26,32448.0,98447.0,787.0,65716.0,3926.5942857142845,11913.258988095235,0.12101190476190472,746.304,149.2608,1312.6266666666668,0.7748663101604278,0.007994067934340971
2020-04-27,31514.0,99288.0,841.0,67487.0,3856.7133333333322,12150.959999999995,0.12238095238095234,724.822,144.9644,1323.84,0.7671541057367829,0.008470223287574656
2020-04-28,30643.0,100126.0,838.0,69190.0,3792.0712499999986,12390.592499999995,0.12374999999999996,704.789,140.9578,1335.0133333333333,0.7954929577464789,0.008369370898958324
2020-04-29,29920.0,100961.0,835.0,70742.0,3743.5619047619034,12632.144166666661,0.12511904761904757,688.16,137.632,1346.1466666666668,0.7881802223522528,0.008270438382757869
2020-04-30,29225.0,101788.0,827.0,72256.0,3696.6145833333317,12874.970238095231,0.12648809523809518,672.175,134.435,1357.1733333333334,0.7824133504492939,0.008124650011297882
2020-05-01,28496.0,102591.0,803.0,73782.0,3643.4171428571412,13116.992142857138,0.1278571428571428,655.408,131.0816,1367.88,0.8035479632063075,0.007827121023081722
2020-05-02,27863.0,103400.0,809.0,75218.0,3600.629345238094,13361.988095238092,0.12922619047619044,640.8489999999999,128.16979999999998,1378.6666666666667,0.8315926892950392,0.007823908859682208
2020-05-03,27205.0,104218.0,818.0,76686.0,3552.843452380951,13610.374523809518,0.13059523809523804,625.715,125.14300000000001,1389.5733333333333,0.789875173370319,0.00784885673437665
2020-05-04,26672.0,105059.0,841.0,78056.0,3519.751428571427,13864.035892857135,0.13196428571428565,613.456,122.69120000000001,1400.7866666666666,0.8204607046070461,0.008004949552636588
2020-05-05,26153.0,105886.0,827.0,79399.0,3487.0666666666666,14118.133333333333,0.13333333333333333,601.519,120.30380000000001,1411.8133333333333,0.8289665211062591,0.007810212773994919
2020-05-06,25628.0,106651.0,765.0,80683.0,3417.0666666666666,14220.133333333333,0.13333333333333333,589.444,117.8888,1422.0133333333333,0.8187221396731055,0.0071728612684244086
2020-05-07,25203.0,107429.0,778.0,81879.0,3360.4,14323.866666666667,0.13333333333333333,579.669,115.9338,1432.3866666666668,0.8348837209302326,0.007241924974401936
2020-05-08,24824.0,108232.0,803.0,83049.0,3309.866666666667,14430.933333333332,0.13333333333333333,570.952,114.19040000000001,1443.0933333333332,0.8428927680798005,0.007419178993467796
2020-05-09,24409.0,108975.0,743.0,84204.0,3254.5333333333333,14530.0,0.13333333333333333,561.407,112.28140000000002,1453.0,0.8781725888324873,0.006818014975774483
2020-05-10,24063.0,109768.0,793.0,85339.0,3208.4,14635.733333333334,0.13333333333333333,553.449,110.68979999999999,1463.5733333333333,0.8151986183074266,0.007224261858994798
2020-05-11,23733.0,110551.0,783.0,86451.0,3164.4,14740.133333333333,0.13333333333333333,545.859,109.17180000000002,1474.0133333333333,0.8147497805092186,0.007082639843693466
2020-05-12,23351.0,111303.0,752.0,87580.0,3113.4666666666667,14840.4,0.13333333333333333,537.073,107.41460000000001,1484.04,0.8814016172506739,0.0067562711133472295
2020-05-13,23023.0,112113.0,810.0,88708.0,3069.733333333333,14948.4,0.13333333333333333,529.529,105.9058,1494.84,0.8871252204585538,0.007224789053998608
2020-05-14,22849.0,112967.0,854.0,89731.0,3046.5333333333333,15062.266666666666,0.13333333333333333,525.527,105.10540000000002,1506.2266666666667,0.8576449912126538,0.007559662913391403
2020-05-15,22664.0,113778.0,811.0,90725.0,3021.866666666667,15170.4,0.13333333333333333,521.2719999999999,104.25439999999999,1517.04,0.8317120622568094,0.007127853118765326
2020-05-16,22466.0,114569.0,791.0,91710.0,2995.4666666666667,15275.866666666667,0.13333333333333333,516.718,103.3436,1527.5866666666666,0.9036144578313253,0.006904076110674696
2020-05-17,22234.0,115325.0,756.0,92697.0,2964.5333333333333,15376.666666666666,0.13333333333333333,511.382,102.27640000000001,1537.6666666666667,0.8594539939332659,0.006555330107694709
2020-05-18,21984.0,116046.0,721.0,93664.0,2931.2,15472.8,0.13333333333333333,505.632,101.1264,1547.28,0.9119433198380567,0.00621299990521082
2020-05-19,21813.0,116846.0,800.0,94632.0,2908.4,15579.466666666667,0.13333333333333333,501.699,100.33980000000001,1557.9466666666667,0.8650875386199794,0.006846560031494176
2020-05-20,21679.0,117639.0,793.0,95554.0,2890.5333333333333,15685.199999999999,0.13333333333333333,498.617,99.72340000000001,1568.52,0.9629248197734295,0.0067409044542672564
2020-05-21,21646.0,118460.0,821.0,96405.0,2886.133333333333,15794.666666666666,0.13333333333333333,497.858,99.5716,1579.4666666666667,0.9676375404530745,0.006930550983023948
2020-05-22,21596.0,119261.0,801.0,97251.0,2879.4666666666667,15901.466666666667,0.13333333333333333,496.70799999999997,99.3416,1590.1466666666668,0.9437939110070258,0.006716305277456356
2020-05-23,21389.0,119988.0,727.0,98182.0,2851.866666666667,15998.4,0.13333333333333333,491.947,98.38940000000001,1599.84,0.8531139835487661,0.006058888731467051
2020-05-24,21351.0,120801.0,813.0,99029.0,2846.8,16106.8,0.13333333333333333,491.073,98.2146,1610.68,0.917558886509636,0.0067300210261419515
2020-05-25,21260.0,121583.0,782.0,99899.0,2834.6666666666665,16211.066666666666,0.13333333333333333,488.98,97.796,1621.1066666666666,0.8930669800235017,0.006431767337807606
2020-05-26,21172.0,122343.0,760.0,100745.0,2822.9333333333334,16312.4,0.13333333333333333,486.956,97.39120000000001,1631.24,0.9324169530355098,0.006211992414830315
2020-05-27,21114.0,123140.0,797.0,101596.0,2815.2,16418.666666666668,0.13333333333333333,485.622,97.12440000000001,1641.8666666666666,1.0613207547169812,0.006472255382041724
2020-05-28,21084.0,123915.0,775.0,102401.0,2811.2,16522.0,0.13333333333333333,484.932,96.9864,1652.2,0.9450292397660819,0.006254236741018109
2020-05-29,21000.0,124660.0,745.0,103227.0,2800.0,16621.333333333332,0.13333333333333333,483.0,96.60000000000001,1662.1333333333334,1.0012422360248447,0.005976207474671308
2020-05-30,20913.0,125401.0,741.0,104050.0,2788.4,16720.13333333333,0.13333333333333333,480.99899999999997,96.1998,1672.0133333333333,0.9601930036188179,0.005908996666719829
2020-05-31,20862.0,126198.0,797.0,104894.0,2781.6,16826.4,0.13333333333333333,479.82599999999996,95.9652,1682.64,0.9782608695652174,0.006315422467689918
2020-06-01,20861.0,127022.0,824.0,105718.0,2781.4666666666667,16936.266666666666,0.13333333333333333,479.803,95.9606,1693.6266666666668,0.9870283018867925,0.006487014162789416
2020-06-02,20847.0,127865.0,843.0,106570.0,2779.6,17048.666666666668,0.13333333333333333,479.481,95.89620000000001,1704.8666666666666,0.9963636363636363,0.0065928393787246025
2020-06-03,20870.0,128673.0,808.0,107350.0,2782.6666666666665,17156.4,0.13333333333333333,480.01,96.00200000000001,1715.64,0.9813302217036173,0.006279434850863423
2020-06-04,20911.0,129490.0,817.0,108119.0,2788.133333333333,17265.333333333332,0.13333333333333333,480.953,96.1906,1726.5333333333333,0.9401273885350319,0.006309318794356365
2020-06-05,20942.0,130323.0,833.0,108918.0,2792.2666666666664,17376.4,0.13333333333333333,481.666,96.3332,1737.64,0.9639175257731959,0.00639176206991805
2020-06-06,20906.0,131136.0,813.0,109766.0,2787.4666666666667,17484.8,0.13333333333333333,480.83799999999997,96.1676,1748.48,0.9850374064837906,0.006199623294722313
2020-06-07,20947.0,132028.0,892.0,110616.0,2792.9333333333334,17603.733333333334,0.13333333333333333,481.781,96.3562,1760.3733333333332,0.9399293286219081,0.0067560914647539555
2020-06-08,20981.0,132897.0,869.0,111445.0,2797.4666666666667,17719.6,0.13333333333333333,482.563,96.5126,1771.96,0.9952996474735605,0.006538849343105239
2020-06-09,21073.0,133777.0,880.0,112230.0,2809.733333333333,17836.933333333334,0.13333333333333333,484.679,96.9358,1783.6933333333334,1.0526946107784432,0.006578062162687437
2020-06-10,21194.0,134693.0,916.0,113023.0,2825.866666666667,17959.066666666666,0.13333333333333333,487.462,97.4924,1795.9066666666668,0.9555837563451777,0.006800599878242535
2020-06-11,21297.0,135601.0,908.0,113824.0,2839.6,18080.13333333333,0.13333333333333333,489.831,97.96620000000001,1808.0133333333333,0.9484276729559749,0.006696066429698677
2020-06-12,21410.0,136480.0,879.0,114588.0,2854.6666666666665,18197.333333333332,0.13333333333333333,492.43,98.486,1819.7333333333333,0.9490683229813665,0.006440456913416519
2020-06-13,21504.0,137384.0,904.0,115397.0,2867.2,18317.866666666665,0.13333333333333333,494.592,98.9184,1831.7866666666666,1.0600522193211488,0.006580048768060559
2020-06-14,21587.0,138278.0,894.0,116206.0,2878.2666666666664,18437.066666666666,0.13333333333333333,496.501,99.3002,1843.7066666666667,1.0493827160493827,0.006465189942073634
2020-06-15,21603.0,139145.0,867.0,117055.0,2880.4,18552.666666666668,0.13333333333333333,496.86899999999997,99.3738,1855.2666666666667,1.0542540073982738,0.006230865421930921
2020-06-16,21677.0,140062.0,917.0,117896.0,2890.2666666666664,18674.933333333334,0.13333333333333333,498.57099999999997,99.7142,1867.4933333333333,1.1069330199764982,0.006547053825778399
2020-06-17,21857.0,141022.0,960.0,118673.0,2914.2666666666664,18802.933333333334,0.13333333333333333,502.711,100.54220000000001,1880.2933333333333,0.9727164887307236,0.0068074002113130486
2020-06-18,22035.0,141997.0,975.0,119469.0,2938.0,18932.933333333334,0.13333333333333333,506.805,101.361,1893.2933333333333,1.0012820512820513,0.00686629389146326
2020-06-19,22238.0,142996.0,999.0,120263.0,2965.0666666666666,19066.13333333333,0.13333333333333333,511.474,102.29480000000001,1906.6133333333332,1.0112923462986199,0.0069861605488227025
2020-06-20,22451.0,144013.0,1017.0,121064.0,2993.4666666666667,19201.733333333334,0.13333333333333333,516.373,103.27460000000002,1920.1733333333334,1.0050251256281406,0.007061813434804949
2020-06-21,22588.0,144963.0,950.0,121873.0,3011.733333333333,19328.4,0.13333333333333333,519.524,103.90480000000001,1932.84,1.007462686567164,0.0065533511768439065
2020-06-22,22813.0,145994.0,1031.0,122676.0,3041.733333333333,19465.866666666665,0.13333333333333333,524.699,104.93979999999999,1946.5866666666666,1.017220172201722,0.007061885681016473
2020-06-23,23147.0,147096.0,1102.0,123441.0,3086.2666666666664,19612.8,0.13333333333333333,532.381,106.4762,1961.28,1.0086848635235732,0.007491655166318824
2020-06-24,23373.0,148134.0,1038.0,124246.0,3116.4,19751.2,0.13333333333333333,537.579,107.5158,1975.12,1.1263020833333333,0.007007121882067034
2020-06-25,23679.0,149251.0,1117.0,125051.0,3157.2,19900.13333333333,0.13333333333333333,544.617,108.9234,1990.0133333333333,1.0541871921182266,0.007483986814247045
2020-06-26,23860.0,150280.0,1029.0,125898.0,3181.3333333333335,20037.333333333332,0.13333333333333333,548.78,109.756,2003.7333333333333,1.0863131935881627,0.006847172962649969
2020-06-27,24122.0,151379.0,1099.0,126734.0,3216.2666666666664,20183.866666666665,0.13333333333333333,554.806,110.96120000000002,2018.3866666666668,1.0070754716981132,0.007259875809221826
2020-06-28,24375.0,152492.0,1113.0,127592.0,3250.0,20332.266666666666,0.13333333333333333,560.625,112.125,2033.2266666666667,1.0740740740740742,0.007298695677834393
2020-06-29,24599.0,153544.0,1052.0,128417.0,3279.866666666667,20472.533333333333,0.13333333333333333,565.777,113.15540000000001,2047.2533333333333,1.0034883720930232,0.006851411638281937
2020-06-30,24977.0,154724.0,1180.0,129217.0,3330.2666666666664,20629.866666666665,0.13333333333333333,574.471,114.89420000000001,2062.9866666666667,1.0301932367149758,0.007626433995798998
2020-07-01,25313.0,155909.0,1185.0,130062.0,3375.0666666666666,20787.866666666665,0.13333333333333333,582.199,116.43979999999999,2078.786666666667,1.0536159600997506,0.007600538772368675
2020-07-02,25700.0,157106.0,1197.0,130870.0,3426.6666666666665,20947.466666666667,0.13333333333333333,591.1,118.22000000000001,2094.7466666666664,1.071849234393404,0.007619011247111841
2020-07-03,26079.0,158356.0,1250.0,131738.0,3477.2,21114.13333333333,0.13333333333333333,599.817,119.96340000000001,2111.4133333333334,1.0320987654320988,0.007893556963064468
2020-07-04,26474.0,159628.0,1272.0,132610.0,3529.866666666667,21283.733333333334,0.13333333333333333,608.902,121.78040000000001,2128.3733333333334,1.0562571756601606,0.007968476905825382
2020-07-05,26844.0,160895.0,1267.0,133506.0,3579.2,21452.666666666668,0.13333333333333333,617.412,123.48240000000001,2145.266666666667,0.9954389965792474,0.007874651949085123
2020-07-06,27299.0,162216.0,1321.0,134369.0,3639.866666666667,21628.8,0.13333333333333333,627.877,125.5754,2162.88,1.0379041248606466,0.008143412835892662
2020-07-07,27783.0,163617.0,1401.0,135282.0,3704.4,21815.6,0.13333333333333333,639.009,127.80180000000001,2181.56,1.1143187066974596,0.008562627583762177
2020-07-08,28132.0,164969.0,1352.0,136279.0,3750.9333333333334,21995.866666666665,0.13333333333333333,647.036,129.4072,2199.5866666666666,1.0305343511450382,0.008195429472025216
2020-07-09,28667.0,166392.0,1423.0,137165.0,3822.2666666666664,22185.6,0.13333333333333333,659.341,131.8682,2218.56,1.1036889332003987,0.00855204245370899
2020-07-10,29169.0,167901.0,1509.0,138168.0,3889.2,22386.8,0.13333333333333333,670.887,134.1774,2238.68,1.0304054054054055,0.008987385498683756
2020-07-11,29748.0,169402.0,1501.0,139090.0,3966.4,22586.933333333334,0.13333333333333333,684.204,136.8408,2258.693333333333,1.086395233366435,0.008860527853697987
2020-07-12,30314.0,170925.0,1523.0,140038.0,4041.866666666667,22790.0,0.13333333333333333,697.222,139.4444,2279.0,1.1399132321041214,0.008910288662930158
2020-07-13,30959.0,172487.0,1562.0,140952.0,4127.866666666667,22998.266666666666,0.13333333333333333,712.057,142.41140000000001,2299.826666666667,1.0658307210031348,0.00905570242567599
2020-07-14,31577.0,174104.0,1617.0,141947.0,4210.266666666666,23213.866666666665,0.13333333333333333,726.271,145.2542,2321.3866666666668,1.0883315158124318,0.009287498923063669
2020-07-15,32143.0,175685.0,1581.0,142957.0,4285.733333333334,23424.666666666668,0.13333333333333333,739.289,147.8578,2342.4666666666667,1.0810810810810811,0.00899900959666678
2020-07-16,32783.0,177336.0,1651.0,143966.0,4371.066666666667,23644.8,0.13333333333333333,754.009,150.80180000000001,2364.48,1.0807881773399015,0.009309957876810817
2020-07-17,33371.0,178982.0,1646.0,145019.0,4449.466666666666,23864.266666666666,0.13333333333333333,767.533,153.50660000000002,2386.4266666666667,1.0870425321463897,0.009196404127766324
2020-07-18,33998.0,180693.0,1711.0,146097.0,4533.066666666667,24092.4,0.13333333333333333,781.954,156.3908,2409.24,1.0699432892249527,0.00946904711833265
2020-07-19,34738.0,182466.0,1773.0,147124.0,4631.733333333334,24328.8,0.13333333333333333,798.9739999999999,159.7948,2432.88,1.1208487084870848,0.009716825508174081
2020-07-20,35402.0,184167.0,1701.0,148157.0,4720.266666666666,24555.6,0.13333333333333333,814.246,162.8492,2455.56,1.1210067763794773,0.009236132227096999
2020-07-21,36119.0,185975.0,1808.0,149244.0,4815.866666666667,24796.666666666668,0.13333333333333333,830.737,166.1474,2479.6666666666665,1.0829315332690452,0.009721684518432486
2020-07-22,36782.0,187758.0,1783.0,150358.0,4904.266666666666,25034.4,0.13333333333333333,845.986,169.1972,2503.44,1.0632447296058662,0.009496215893778727
2020-07-23,37475.0,189580.0,1822.0,151480.0,4996.666666666667,25277.333333333332,0.13333333333333333,861.925,172.385,2527.733333333333,1.1383928571428572,0.009610667735690814
2020-07-24,38138.0,191455.0,1875.0,152684.0,5085.066666666667,25527.333333333332,0.13333333333333333,877.174,175.4348,2552.733333333333,1.1178033658104518,0.009793372889854587
2020-07-25,39025.0,193479.0,2024.0,153818.0,5203.333333333333,25797.2,0.13333333333333333,897.5749999999999,179.515,2579.72,1.08003300330033,0.010461029563779202
2020-07-26,39817.0,195418.0,1939.0,154962.0,5308.933333333333,26055.733333333334,0.13333333333333333,915.7909999999999,183.1582,2605.5733333333333,1.195250659630607,0.009922269584840777
2020-07-27,40637.0,197438.0,2020.0,156159.0,5418.266666666666,26325.066666666666,0.13333333333333333,934.651,186.9302,2632.5066666666667,1.088055797733217,0.010231008058185059
2020-07-28,41424.0,199471.0,2033.0,157401.0,5523.2,26596.13333333333,0.13333333333333333,952.752,190.5504,2659.6133333333332,1.1383333333333334,0.010191906633512472
2020-07-29,42297.0,201670.0,2199.0,158722.0,5639.6,26889.333333333332,0.13333333333333333,972.831,194.5662,2688.9333333333334,1.151685393258427,0.010903897932771692
2020-07-30,43110.0,203766.0,2096.0,159997.0,5748.0,27168.8,0.13333333333333333,991.53,198.306,2716.88,1.1236802413273002,0.010286258324458819
2020-07-31,43957.0,205960.0,2194.0,161338.0,5860.933333333333,27461.333333333332,0.13333333333333333,1011.011,202.2022,2746.133333333333,1.1317225253312548,0.010652502172741442
2020-08-01,44820.0,208194.0,2234.0,162704.0,5976.0,27759.2,0.13333333333333333,1030.86,206.172,2775.92,1.0438010393466963,0.010730324935757343
2020-08-02,45560.0,210395.0,2201.0,164158.0,6074.666666666667,28052.666666666668,0.13333333333333333,1047.8799999999999,209.576,2805.266666666667,1.1086797957695114,0.010461225498583623
2020-08-03,46572.0,212753.0,2358.0,165497.0,6209.6,28367.066666666666,0.13333333333333333,1071.156,214.2312,2836.7066666666665,1.1676933607118412,0.011083222877125695
2020-08-04,47586.0,215184.0,2431.0,166904.0,6344.8,28691.2,0.13333333333333333,1094.478,218.89560000000003,2869.12,1.138930163447251,0.011297255849617771
2020-08-05,48466.0,217516.0,2332.0,168351.0,6462.133333333333,29002.13333333333,0.13333333333333333,1114.718,222.94360000000003,2900.213333333333,1.1058574453069865,0.010721001117154062
2020-08-06,49443.0,219956.0,2440.0,169803.0,6592.4,29327.466666666667,0.13333333333333333,1137.189,227.43780000000004,2932.7466666666664,1.1618457300275482,0.011093077283287189
2020-08-07,50402.0,222432.0,2476.0,171313.0,6720.266666666666,29657.6,0.13333333333333333,1159.2459999999999,231.8492,2965.76,1.1209842788790156,0.011131441827426685
2020-08-08,51228.0,224832.0,2400.0,172881.0,6830.4,29977.6,0.13333333333333333,1178.244,235.6488,2997.76,1.099538562953197,0.010674589584269213
2020-08-09,52006.0,227261.0,2429.0,174524.0,6934.133333333333,30301.466666666667,0.13333333333333333,1196.138,239.2276,3030.1466666666665,1.142312579415502,0.010688104478531387
2020-08-10,52890.0,229797.0,2536.0,176158.0,7052.0,30639.6,0.13333333333333333,1216.47,243.294,3063.96,1.162931556632344,0.011035779249601824
2020-08-11,53863.0,232457.0,2660.0,177841.0,7181.733333333334,30994.266666666666,0.13333333333333333,1238.849,247.7698,3099.4266666666667,1.1228813559322033,0.011442927324505933
2020-08-12,54795.0,235052.0,2595.0,179501.0,7306.0,31340.266666666666,0.13333333333333333,1260.285,252.05700000000002,3134.0266666666666,1.1292234736218139,0.011040063304871667
2020-08-13,55818.0,237816.0,2764.0,181229.0,7442.4,31708.8,0.13333333333333333,1283.814,256.7628,3170.88,1.126879134095009,0.011622381915506462
2020-08-14,56610.0,240449.0,2633.0,183062.0,7548.0,32059.866666666665,0.13333333333333333,1302.03,260.406,3205.9866666666667,1.1292360712234348,0.010950301517987107
2020-08-15,57501.0,243168.0,2719.0,184884.0,7666.8,32422.399999999998,0.13333333333333333,1322.523,264.5046,3242.24,1.1325366648560564,0.011181523960702228
2020-08-16,58288.0,245827.0,2659.0,186747.0,7771.733333333334,32776.933333333334,0.13333333333333333,1340.624,268.1248,3277.693333333333,1.1274617067833699,0.010816505849618432
2020-08-17,59185.0,248657.0,2830.0,188675.0,7891.333333333333,33154.26666666666,0.13333333333333333,1361.2549999999999,272.251,3315.4266666666667,1.108974358974359,0.011381093711040867
2020-08-18,60150.0,251543.0,2886.0,190590.0,8020.0,33539.066666666666,0.13333333333333333,1383.45,276.69,3353.9066666666668,1.1453698913605794,0.011473141875775212
2020-08-19,61039.0,254380.0,2837.0,192528.0,8138.533333333333,33917.333333333336,0.13333333333333333,1403.897,280.7794,3391.733333333333,1.0629880270692347,0.011152562494840416
2020-08-20,62005.0,257284.0,2904.0,194460.0,8267.333333333334,34304.53333333333,0.13333333333333333,1426.115,285.223,3430.4533333333334,1.126283367556468,0.011287094078551023
2020-08-21,63073.0,260279.0,2995.0,196378.0,8409.733333333334,34703.86666666667,0.13333333333333333,1450.679,290.1358,3470.3866666666668,1.1470588235294117,0.011506838788996466
2020-08-22,63982.0,263257.0,2978.0,198436.0,8530.933333333332,35100.933333333334,0.13333333333333333,1471.586,294.3172,3510.0933333333332,1.0695381421899326,0.011312096878347477
2020-08-23,64931.0,266359.0,3102.0,200584.0,8657.466666666667,35514.53333333333,0.13333333333333333,1493.413,298.68260000000004,3551.4533333333334,1.1024649589173514,0.011645892776693197
2020-08-24,65912.0,269449.0,3090.0,202678.0,8788.266666666666,35926.53333333333,0.13333333333333333,1515.9759999999999,303.1952,3592.653333333333,1.1161170459823502,0.011467804787530154
2020-08-25,66818.0,272495.0,3046.0,204806.0,8909.066666666666,36332.666666666664,0.13333333333333333,1536.814,307.36280000000005,3633.266666666667,1.0948316737790422,0.01117814573424931
2020-08-26,67733.0,275598.0,3103.0,206978.0,9031.066666666666,36746.4,0.13333333333333333,1557.859,311.5718,3674.64,1.1009345794392524,0.011259111970653013
2020-08-27,68684.0,278713.0,3115.0,209131.0,9157.866666666667,37161.73333333333,0.13333333333333333,1579.732,315.94640000000004,3716.173333333333,1.093235831809872,0.01117633129301004
2020-08-28,69674.0,281937.0,3224.0,211349.0,9289.866666666667,37591.6,0.13333333333333333,1602.502,320.5004,3759.16,1.0896487985212568,0.011435138221878569
2020-08-29,70547.0,285136.0,3199.0,213665.0,9406.266666666666,38018.13333333333,0.13333333333333333,1622.581,324.5162,3801.8133333333335,1.0926589077887199,0.011219168329609976
2020-08-30,71505.0,288429.0,3293.0,215996.0,9534.0,38457.2,0.13333333333333333,1644.615,328.923,3845.72,1.0963026655202064,0.011416981589987172
2020-08-31,72467.0,291731.0,3302.0,218324.0,9662.266666666666,38897.46666666667,0.13333333333333333,1666.741,333.3482,3889.7466666666664,1.0937901498929337,0.011318607489065307
2020-09-01,73466.0,295086.0,3355.0,220673.0,9795.466666666667,39344.8,0.13333333333333333,1689.718,337.94360000000006,3934.48,1.102991452991453,0.011369528308600515
2020-09-02,74493.0,298481.0,3395.0,223033.0,9932.4,39797.46666666667,0.13333333333333333,1713.339,342.6678,3979.7466666666664,1.0929541595925296,0.01137422022098485
2020-09-03,75435.0,301830.0,3349.0,225430.0,10058.0,40244.0,0.13333333333333333,1735.0049999999999,347.001,4024.4,1.0819256756756757,0.011095613107997521
2020-09-04,76384.0,305265.0,3435.0,227910.0,10184.533333333333,40702.0,0.13333333333333333,1756.8319999999999,351.3664,4070.2,1.1154964686331532,0.011252481442414157
2020-09-05,77249.0,308706.0,3441.0,230466.0,10299.866666666667,41160.8,0.13333333333333333,1776.7269999999999,355.3454,4116.08,1.0901045856798068,0.011146491657137674
2020-09-06,78183.0,312191.0,3485.0,233007.0,10424.4,41625.46666666667,0.13333333333333333,1798.209,359.64180000000005,4162.546666666667,1.094332298136646,0.01116300225502255
2020-09-07,79142.0,315746.0,3555.0,235586.0,10552.266666666666,42099.46666666667,0.13333333333333333,1820.266,364.05320000000006,4209.946666666667,1.1105448843590748,0.011259014337428383
2020-09-08,80003.0,319268.0,3522.0,238231.0,10667.066666666666,42569.066666666666,0.13333333333333333,1840.069,368.0138,4256.906666666667,1.0631741140215716,0.011031449968521841
2020-09-09,80912.0,322834.0,3566.0,240877.0,10788.266666666666,43044.53333333333,0.13333333333333333,1860.9759999999999,372.1952,4304.453333333333,1.0826756858323938,0.011045890315486239
2020-09-10,81850.0,326489.0,3655.0,243572.0,10913.333333333334,43531.86666666667,0.13333333333333333,1882.55,376.51,4353.1866666666665,1.120812946932631,0.01119482985696346
2020-09-11,82742.0,330089.0,3600.0,246271.0,11032.266666666666,44011.86666666667,0.13333333333333333,1903.066,380.6132,4401.1866666666665,1.0850202429149798,0.010906116513678088
2020-09-12,83655.0,333757.0,3668.0,249005.0,11154.0,44500.933333333334,0.13333333333333333,1924.065,384.81300000000005,4450.093333333333,1.102658788774003,0.010989998741603198
2020-09-13,84453.0,337411.0,3654.0,251847.0,11260.4,44988.13333333333,0.13333333333333333,1942.4189999999999,388.4838,4498.8133333333335,1.0602540834845735,0.010829490356003935
2020-09-14,85181.0,340966.0,3555.0,254658.0,11357.466666666667,45462.13333333333,0.13333333333333333,1959.163,391.8326,4546.213333333333,1.069327731092437,0.010426228931245545
2020-09-15,85963.0,344679.0,3713.0,257574.0,11461.733333333334,45957.2,0.13333333333333333,1977.149,395.4298,4595.72,1.0940926777502653,0.010772310548914936
2020-09-16,86746.0,348342.0,3663.0,260433.0,11566.133333333333,46445.6,0.13333333333333333,1995.158,399.0316,4644.56,1.0614124872057318,0.010515497656045909
2020-09-17,87562.0,352141.0,3799.0,263397.0,11674.933333333332,46952.13333333333,0.13333333333333333,2013.926,402.78520000000003,4695.213333333333,1.0840277777777778,0.010788261553577818
2020-09-18,88207.0,355764.0,3623.0,266364.0,11760.933333333332,47435.2,0.13333333333333333,2028.761,405.7522,4743.52,1.1096211867247736,0.010183688670892303
2020-09-19,88897.0,359631.0,3867.0,269520.0,11852.933333333332,47950.8,0.13333333333333333,2044.6309999999999,408.9262,4795.08,1.0765614506380121,0.010752658272901188
2020-09-20,89573.0,363425.0,3794.0,272622.0,11943.066666666666,48456.666666666664,0.13333333333333333,2060.179,412.03580000000005,4845.666666666667,1.022977651872836,0.010439539273469703
2020-09-21,90361.0,367274.0,3849.0,275663.0,12048.133333333333,48969.86666666667,0.13333333333333333,2078.303,415.6606,4896.986666666667,1.0843489416292496,0.010479885644272003
2020-09-22,90954.0,370981.0,3707.0,278761.0,12127.2,49464.13333333333,0.13333333333333333,2091.942,418.38840000000005,4946.413333333333,1.0731786997713166,0.009992398553029526
2020-09-23,91626.0,374855.0,3874.0,281948.0,12216.8,49980.666666666664,0.13333333333333333,2107.398,421.47960000000006,4998.066666666667,1.0645472061657033,0.01033463516657063
2020-09-24,92317.0,378704.0,3849.0,285094.0,12308.933333333332,50493.86666666667,0.13333333333333333,2123.291,424.6582000000001,5049.386666666666,1.0349781386633354,0.010163583792133718
2020-09-25,92914.0,382429.0,3725.0,288204.0,12388.533333333333,50990.53333333333,0.13333333333333333,2137.022,427.4044,5099.053333333333,1.0883470550981633,0.009740344638234448
2020-09-26,93484.0,386268.0,3839.0,291455.0,12464.533333333333,51502.4,0.13333333333333333,2150.132,430.0264,5150.24,1.065217391304348,0.009938669683562492
2020-09-27,93966.0,390146.0,3878.0,294835.0,12528.8,52019.46666666667,0.13333333333333333,2161.218,432.2436,5201.946666666667,1.0385438972162742,0.00993984318731145
2020-09-28,94619.0,394057.0,3911.0,298076.0,12615.866666666667,52540.933333333334,0.13333333333333333,2176.237,435.2474,5254.093333333333,1.0559481743227326,0.00992493490805922
2020-09-29,95151.0,398015.0,3958.0,301489.0,12686.8,53068.666666666664,0.13333333333333333,2188.473,437.69460000000004,5306.866666666667,1.083793738489871,0.009944323846277537
2020-09-30,95698.0,401979.0,3964.0,304880.0,12759.733333333334,53597.2,0.13333333333333333,2201.054,440.21080000000006,5359.72,1.0490367775831875,0.0098611871237375
2020-10-01,96183.0,405958.0,3979.0,308356.0,12824.4,54127.73333333333,0.13333333333333333,2212.209,442.4418,5412.7733333333335,1.0605794556628623,0.009801482415711932
2020-10-02,96557.0,409813.0,3855.0,311826.0,12874.266666666666,54641.73333333333,0.13333333333333333,2220.811,444.16220000000004,5464.173333333333,1.0772753291356612,0.009406706457075649
2020-10-03,97048.0,413631.0,3818.0,315137.0,12939.733333333334,55150.799999999996,0.13333333333333333,2232.104,446.4208,5515.08,1.0545820166618787,0.009230427046263345
2020-10-04,97385.0,417412.0,3781.0,318569.0,12984.666666666666,55654.933333333334,0.13333333333333333,2239.855,447.971,5565.493333333333,1.0123234144875264,0.009058174996945471
2020-10-05,97905.0,421416.0,4004.0,322030.0,13054.0,56188.799999999996,0.13333333333333333,2251.815,450.36300000000006,5618.88,1.0830429732868758,0.009501277831696396
2020-10-06,98128.0,425221.0,3805.0,325599.0,13083.733333333334,56696.13333333333,0.13333333333333333,2256.944,451.3888,5669.613333333334,1.0350172215843858,0.008948267022872759
2020-10-07,98317.0,428973.0,3752.0,329145.0,13108.933333333332,57196.4,0.13333333333333333,2261.291,452.25820000000004,5719.64,1.0108877721943048,0.00874645083385007
2020-10-08,98421.0,432701.0,3728.0,332751.0,13122.8,57693.46666666667,0.13333333333333333,2263.683,452.7366,5769.346666666666,1.0179623912433342,0.008615629232127423
2020-10-09,98591.0,436525.0,3824.0,336390.0,13145.466666666667,58203.333333333336,0.13333333333333333,2267.593,453.5186,5820.333333333333,1.0422185430463575,0.008760073855852802
2020-10-10,98850.0,440369.0,3844.0,339958.0,13180.0,58715.86666666667,0.13333333333333333,2273.55,454.71000000000004,5871.586666666667,1.0333880678708265,0.008729023321298
2020-10-11,98860.0,444074.0,3705.0,343627.0,13181.333333333334,59209.86666666667,0.13333333333333333,2273.7799999999997,454.756,5920.986666666667,1.0309623430962342,0.00834318527275798
2020-10-12,98980.0,447877.0,3803.0,347288.0,13197.333333333334,59716.933333333334,0.13333333333333333,2276.54,455.308,5971.693333333334,1.0378890392422193,0.008491151608250461
2020-10-13,99155.0,451636.0,3759.0,350853.0,13220.666666666666,60218.13333333333,0.13333333333333333,2280.565,456.11300000000006,6021.8133333333335,1.0143904425739887,0.008323055905517041
2020-10-14,99254.0,455391.0,3755.0,354494.0,13233.866666666667,60718.799999999996,0.13333333333333333,2282.842,456.56840000000005,6071.88,0.9958147321428571,0.008245643313892208
2020-10-15,99259.0,459126.0,3735.0,358207.0,13234.533333333333,61216.799999999996,0.13333333333333333,2282.957,456.5914,6121.68,1.0347374179431073,0.008135004040276438
2020-10-16,99190.0,462838.0,3712.0,361973.0,13225.333333333334,61711.73333333333,0.13333333333333333,2281.37,456.274,6171.173333333333,1.0501340482573727,0.008020067453261285
2020-10-17,99238.0,466661.0,3823.0,365728.0,13231.733333333334,62221.46666666667,0.13333333333333333,2282.474,456.49480000000005,6222.1466666666665,1.0137529754033325,0.00819222477939065
2020-10-18,99117.0,470348.0,3687.0,369511.0,13215.6,62713.066666666666,0.13333333333333333,2279.691,455.9382,6271.306666666666,0.9941721854304636,0.00783886008049342
2020-10-19,99011.0,473914.0,3566.0,373165.0,13201.466666666667,63188.53333333333,0.13333333333333333,2277.253,455.45060000000007,6318.8533333333335,1.016281512605042,0.007524556091282192
2020-10-20,98924.0,477563.0,3649.0,376872.0,13189.866666666667,63675.066666666666,0.13333333333333333,2275.252,455.0504,6367.506666666667,1.0305010893246187,0.007640860701392902
2020-10-21,98847.0,481235.0,3672.0,380602.0,13179.6,64164.666666666664,0.13333333333333333,2273.4809999999998,454.6962,6416.466666666666,1.0093683083511777,0.007630351844001695
2020-10-22,98672.0,484839.0,3604.0,384357.0,13156.266666666666,64645.2,0.13333333333333333,2269.456,453.8912,6464.52,1.0002667377967458,0.007433380084151473
2020-10-23,98439.0,488478.0,3639.0,388206.0,13125.199999999999,65130.4,0.13333333333333333,2264.0969999999998,452.8194,6513.04,1.000793860809738,0.0074496549493427554
2020-10-24,98097.0,491950.0,3472.0,392000.0,13079.6,65593.33333333333,0.13333333333333333,2256.2309999999998,451.2462,6559.333333333333,1.0142045454545454,0.00705761346150328
2020-10-25,97882.0,495504.0,3554.0,395746.0,13050.933333333332,66067.2,0.13333333333333333,2251.286,450.2572,6606.72,0.9832197168327216,0.007172480600599388
2020-10-26,97564.0,499007.0,3503.0,399546.0,13008.533333333333,66534.26666666666,0.13333333333333333,2243.9719999999998,448.7944,6653.426666666666,1.0161846643672061,0.007019927536231884
2020-10-27,97405.0,502638.0,3631.0,403325.0,12987.333333333334,67018.4,0.13333333333333333,2240.315,448.06300000000005,6701.84,0.9772310913373462,0.007223872401465067
2020-10-28,97045.0,506082.0,3444.0,407117.0,12939.333333333334,67477.6,0.13333333333333333,2232.035,446.407,6747.76,0.991820580474934,0.006805207841401509
2020-10-29,96631.0,509543.0,3461.0,410972.0,12884.133333333333,67939.06666666667,0.13333333333333333,2222.513,444.50260000000003,6793.906666666667,1.0155099894847528,0.006792347667718588
2020-10-30,96395.0,513009.0,3466.0,414656.0,12852.666666666666,68401.2,0.13333333333333333,2217.085,443.41700000000003,6840.12,0.9589677419354838,0.006756203582776164
2020-10-31,96099.0,516517.0,3508.0,418450.0,12813.2,68868.93333333333,0.13333333333333333,2210.277,442.0554,6886.893333333333,1.0097244732576987,0.0067916316565928
2020-11-01,95682.0,519938.0,3421.0,422270.0,12757.6,69325.06666666667,0.13333333333333333,2200.686,440.13720000000006,6932.506666666667,0.982912723449001,0.006579617993649255
2020-11-02,95364.0,523344.0,3406.0,425971.0,12715.2,69779.2,0.13333333333333333,2193.372,438.6744,6977.92,0.9786347055758208,0.006508135168961202
2020-11-03,94942.0,526698.0,3354.0,429727.0,12658.933333333332,70226.4,0.13333333333333333,2183.666,436.73320000000007,7022.64,1.0093984962406015,0.006367963485785999
2020-11-04,94419.0,529955.0,3257.0,433492.0,12589.2,70660.66666666667,0.13333333333333333,2171.637,434.32740000000007,7066.066666666667,0.9369703389830508,0.006145793235664848
2020-11-05,93918.0,533226.0,3271.0,437249.0,12522.4,71096.8,0.13333333333333333,2160.114,432.0228,7109.68,0.9994708994708995,0.006134348035639605
2020-11-06,93398.0,536437.0,3211.0,440963.0,12453.066666666666,71524.93333333333,0.13333333333333333,2148.154,429.6308,7152.493333333333,1.0031813361611877,0.005985780276565046
2020-11-07,92889.0,539670.0,3233.0,444682.0,12385.2,71956.0,0.13333333333333333,2136.447,427.28940000000006,7195.6,0.9555079067274189,0.005990686918511463
2020-11-08,92237.0,542811.0,3141.0,448454.0,12298.266666666666,72374.8,0.13333333333333333,2121.451,424.2902,7237.48,0.9933190807055051,0.00578653382754987
2020-11-09,91651.0,545890.0,3079.0,452101.0,12220.133333333333,72785.33333333333,0.13333333333333333,2107.973,421.5946,7278.533333333334,1.0039546533087267,0.005640320137170241
2020-11-10,91192.0,549020.0,3130.0,455673.0,12158.933333333332,73202.66666666667,0.13333333333333333,2097.416,419.48320000000007,7320.266666666666,0.9765347885402456,0.0057010569723198205
2020-11-11,90617.0,552103.0,3083.0,459315.0,12082.266666666666,73613.73333333334,0.13333333333333333,2084.191,416.8382,7361.373333333333,1.010030649205907,0.005584092852071349
2020-11-12,90040.0,555208.0,3105.0,462979.0,12005.333333333334,74027.73333333334,0.13333333333333333,2070.92,414.184,7402.7733333333335,1.0183160196828869,0.005592488594385178
2020-11-13,89534.0,558261.0,3053.0,466518.0,11937.866666666667,74434.8,0.13333333333333333,2059.282,411.85640000000006,7443.48,0.9600760456273765,0.005468758396595147
2020-11-14,88967.0,561339.0,3078.0,470133.0,11862.266666666666,74845.2,0.13333333333333333,2046.241,409.2482,7484.52,0.9626299522337736,0.005483307799194784
2020-11-15,88455.0,564379.0,3040.0,473667.0,11794.0,75250.53333333333,0.13333333333333333,2034.465,406.89300000000003,7525.053333333333,0.9917695473251029,0.00538644175909848
2020-11-16,87770.0,567363.0,2984.0,477322.0,11702.666666666666,75648.4,0.13333333333333333,2018.71,403.742,7564.84,0.9346846846846847,0.005259410184643368
2020-11-17,87074.0,570262.0,2899.0,480898.0,11609.866666666667,76034.93333333333,0.13333333333333333,2002.702,400.54040000000003,7603.493333333333,0.9509403107113655,0.005083619312492657
2020-11-18,86420.0,573114.0,2852.0,484385.0,11522.666666666666,76415.2,0.13333333333333333,1987.6599999999999,397.532,7641.52,0.9465924895688457,0.004976313654327665
2020-11-19,85634.0,575965.0,2851.0,488002.0,11417.866666666667,76795.33333333333,0.13333333333333333,1969.5819999999999,393.9164,7679.533333333334,0.9586423274386765,0.004949944962029009
2020-11-20,85007.0,578839.0,2874.0,491482.0,11334.266666666666,77178.53333333333,0.13333333333333333,1955.161,391.03220000000005,7717.8533333333335,0.9711300522408578,0.004965102619031166
2020-11-21,84355.0,581610.0,2771.0,494888.0,11247.333333333334,77548.0,0.13333333333333333,1940.165,388.033,7754.8,0.9337332190802627,0.004764352806257103
2020-11-22,83694.0,584465.0,2855.0,498382.0,11159.2,77928.66666666667,0.13333333333333333,1924.962,384.99240000000003,7792.866666666667,0.939234589541338,0.004884800826737569
2020-11-23,82892.0,587163.0,2698.0,501852.0,11052.266666666666,78288.4,0.13333333333333333,1906.516,381.30320000000006,7828.84,0.9078498293515358,0.004594968356370622
2020-11-24,82099.0,589880.0,2717.0,505344.0,10946.533333333333,78650.66666666667,0.13333333333333333,1888.277,377.65540000000004,7865.066666666667,0.962,0.00460601375531675
2020-11-25,81427.0,592592.0,2712.0,508706.0,10856.933333333332,79012.26666666666,0.13333333333333333,1872.821,374.5642,7901.2266666666665,1.009116809116809,0.004576496853658413
2020-11-26,80534.0,595202.0,2610.0,512198.0,10737.866666666667,79360.26666666666,0.13333333333333333,1852.282,370.45640000000003,7936.026666666667,0.973404255319149,0.004385058543051698
2020-11-27,79736.0,597704.0,2502.0,515483.0,10631.466666666667,79693.86666666667,0.13333333333333333,1833.9279999999999,366.7856,7969.386666666666,0.9389095061375964,0.0041860114939644135
2020-11-28,78932.0,600188.0,2484.0,518757.0,10524.266666666666,80025.06666666667,0.13333333333333333,1815.436,363.0872,8002.506666666667,0.96,0.004138696310662142
2020-11-29,78080.0,602685.0,2497.0,522094.0,10410.666666666666,80358.0,0.13333333333333333,1795.84,359.168,8035.8,0.9327858880778589,0.004143119302588745
2020-11-30,77161.0,605052.0,2367.0,525359.0,10288.133333333333,80673.6,0.13333333333333333,1774.703,354.9406,8067.36,0.9638698118841446,0.003912053985353349
2020-12-01,76248.0,607433.0,2381.0,528642.0,10166.4,80991.06666666667,0.13333333333333333,1753.704,350.74080000000004,8099.106666666667,0.9217894096165551,0.003919767415060731
2020-12-02,75485.0,609868.0,2435.0,531826.0,10064.666666666666,81315.73333333334,0.13333333333333333,1736.155,347.231,8131.573333333334,0.9574984820886461,0.003992660718941281
2020-12-03,74636.0,612239.0,2371.0,535034.0,9951.466666666667,81631.86666666667,0.13333333333333333,1716.628,343.3256,8163.1866666666665,0.9215134459036898,0.0038726643146478504
2020-12-04,73795.0,614575.0,2336.0,538196.0,9839.333333333334,81943.33333333333,0.13333333333333333,1697.285,339.45700000000005,8194.333333333334,0.9559006211180124,0.0038009945067819114
2020-12-05,72812.0,616776.0,2201.0,541366.0,9708.266666666666,82236.8,0.13333333333333333,1674.676,334.9352,8223.68,0.9590808939250866,0.0035685507079544145
2020-12-06,71820.0,618984.0,2208.0,544553.0,9576.0,82531.2,0.13333333333333333,1651.86,330.372,8253.12,0.9588567839195979,0.0035671300596944997
2020-12-07,70794.0,621125.0,2141.0,547705.0,9439.2,82816.66666666667,0.13333333333333333,1628.262,325.6524,8281.666666666666,0.96125,0.0034469656720214578
2020-12-08,69946.0,623392.0,2267.0,550805.0,9326.133333333333,83118.93333333333,0.13333333333333333,1608.758,321.75160000000005,8311.893333333333,0.9242185033154405,0.003636550298126543
2020-12-09,69113.0,625532.0,2140.0,553754.0,9215.066666666666,83404.26666666666,0.13333333333333333,1589.599,317.9198,8340.426666666666,0.9152487961476725,0.0034210825008432807
2020-12-10,68311.0,627684.0,2152.0,556689.0,9108.133333333333,83691.2,0.13333333333333333,1571.153,314.23060000000004,8369.12,0.9569458459468551,0.0034284712873495463
2020-12-11,67487.0,629811.0,2127.0,559615.0,8998.266666666666,83974.8,0.13333333333333333,1552.201,310.4402,8397.48,0.9272173324306026,0.0033771982750408058
2020-12-12,66603.0,631823.0,2012.0,562493.0,8880.4,84243.06666666667,0.13333333333333333,1531.869,306.3738,8424.306666666667,0.9220603185360895,0.003184431107396997
2020-12-13,65676.0,633871.0,2048.0,565451.0,8756.8,84516.13333333333,0.13333333333333333,1510.548,302.1096,8451.613333333333,0.8846685082872928,0.0032309362142514575
2020-12-14,64797.0,635874.0,2003.0,568318.0,8639.6,84783.2,0.13333333333333333,1490.331,298.0662,8478.32,0.9210084033613445,0.0031499901710241793
2020-12-15,63878.0,637894.0,2020.0,571230.0,8517.066666666666,85052.53333333333,0.13333333333333333,1469.194,293.8388,8505.253333333334,0.9496877168632893,0.0031666653602865674
2020-12-16,63084.0,639870.0,1976.0,573979.0,8411.2,85316.0,0.13333333333333333,1450.932,290.1864,8531.6,0.9224225927186118,0.003088122449681264
2020-12-17,62170.0,641742.0,1872.0,576756.0,8289.333333333334,85565.6,0.13333333333333333,1429.91,285.982,8556.56,0.8700361010830325,0.0029170555814399222
2020-12-18,61364.0,643610.0,1868.0,579414.0,8181.866666666667,85814.66666666667,0.13333333333333333,1411.372,282.2744,8581.466666666667,0.9483129935391242,0.0029023742602286165
2020-12-19,60445.0,645438.0,1828.0,582148.0,8059.333333333333,86058.4,0.13333333333333333,1390.235,278.04699999999997,8605.84,0.9169783096484667,0.0028321808877368737
2020-12-20,59746.0,647333.0,1895.0,584728.0,7966.133333333333,86311.06666666667,0.13333333333333333,1374.158,274.8316,8631.106666666667,0.9377502730251183,0.0029273914239017263
2020-12-21,59046.0,649242.0,1909.0,587321.0,7872.8,86565.6,0.13333333333333333,1358.058,271.6116,8656.56,0.9363916730917502,0.002940347450800394
2020-12-22,58213.0,650956.0,1714.0,589861.0,7761.733333333334,86794.13333333333,0.13333333333333333,1338.899,267.77979999999997,8679.413333333334,0.8965120735914144,0.002633046422421143
2020-12-23,57434.0,652658.0,1702.0,592333.0,7657.866666666667,87021.06666666667,0.13333333333333333,1320.982,264.1964,8702.106666666667,0.917157440125638,0.0026077936564116943
2020-12-24,56629.0,654378.0,1720.0,594850.0,7550.533333333333,87250.4,0.13333333333333333,1302.4669999999999,260.4934,8725.04,0.9484079000403063,0.0026284462062505063
2020-12-25,55850.0,656045.0,1667.0,597284.0,7446.666666666667,87472.66666666667,0.13333333333333333,1284.55,256.91,8747.266666666666,0.9089108910891089,0.0025409803580846465
2020-12-26,55014.0,657671.0,1626.0,599729.0,7335.2,87689.46666666666,0.13333333333333333,1265.322,253.06439999999998,8768.946666666667,0.8699918233851186,0.0024723570411998687
2020-12-27,54195.0,659272.0,1601.0,602135.0,7226.0,87902.93333333333,0.13333333333333333,1246.485,249.297,8790.293333333333,0.9041429731925265,0.002428432530984888
2020-12-28,53199.0,660836.0,1564.0,604684.0,7093.2,88111.46666666666,0.13333333333333333,1223.577,244.71540000000002,8811.146666666667,0.9264462809917355,0.0023666955694066766
2020-12-29,52387.0,662422.0,1586.0,607069.0,6984.933333333333,88322.93333333333,0.13333333333333333,1204.901,240.98020000000002,8832.293333333333,0.9140625,0.0023942405381455656
2020-12-30,51652.0,664046.0,1624.0,609416.0,6886.933333333333,88539.46666666666,0.13333333333333333,1187.9959999999999,237.5992,8853.946666666667,0.9216013344453712,0.002445610024591633
2020-12-31,50932.0,665532.0,1486.0,611613.0,6790.933333333333,88737.6,0.13333333333333333,1171.436,234.28719999999998,8873.76,0.9533700720644341,0.0022327968710792703
