Fecha,Casos activos COVID-19,Casos acumulados COVID-19,Nuevos casos diarios COVID-19,Personas recuperadas,Casos detectados COVID-19,Casos detectados acumulados,Personas hospitalizadas por COVID-19,Ingresados en UCI,NÃºmero total de fallecidos
2020-02-10,0.0,0.0,0.0,0.0,0.0,0.0,0.0,0.0,0.0
2020-02-11,0.0,0.0,0.0,0.0,0.0,0.0,0.0,0.0,0.0
2020-02-12,0.0,0.0,0.0,0.0,0.0,0.0,0.0,0.0,0.0
2020-02-13,0.0,0.0,0.0,0.0,0.0,0.0,0.0,0.0,0.0
2020-02-14,0.0,0.0,0.0,0.0,0.0,0.0,0.0,0.0,0.0
2020-02-15,0.0,0.0,0.0,0.0,0.0,0.0,0.0,0.0,0.0
2020-02-16,0.0,0.0,0.0,0.0,0.0,0.0,0.0,0.0,0.0
2020-02-17,0.0,0.0,0.0,0.0,0.0,0.0,0.0,0.0,0.0
2020-02-18,2.0,2.0,2.0,0.0,0.19,0.19,0.06998104679982506,0.013996209359965012,0.02564102564102564
2020-02-19,7.0,7.0,5.0,0.0,0.665,0.665,0.2449336637993877,0.04898673275987754,0.08974358974358974
2020-02-20,11.0,11.0,4.0,0.0,1.045,1.045,0.38489575739903775,0.07697915147980755,0.14102564102564102
2020-02-21,13.0,13.0,2.0,0.0,1.235,1.235,0.4548768041988629,0.09097536083977259,0.16666666666666666
2020-02-22,20.0,20.0,7.0,0.0,1.9,1.9,0.6998104679982504,0.1399620935996501,0.2564102564102564
2020-02-23,23.0,23.0,3.0,0.0,2.185,2.185,0.8047820381979882,0.16095640763959765,0.2948717948717949
2020-02-24,27.0,27.0,4.0,0.0,2.565,2.565,0.9447441317976382,0.18894882635952764,0.34615384615384615
2020-02-25,37.0,37.0,10.0,0.0,3.515,3.515,1.2946493657967635,0.25892987315935273,0.47435897435897434
2020-02-26,52.0,52.0,15.0,0.0,4.94,4.94,1.8195072167954516,0.36390144335909036,0.6666666666666666
2020-02-27,64.0,64.0,12.0,0.0,6.08,6.08,2.239393497594402,0.4478786995188804,0.8205128205128205
2020-02-28,79.0,79.0,15.0,0.0,7.505,7.505,2.7642513485930893,0.5528502697186178,1.0128205128205128
2020-02-29,103.0,103.0,24.0,0.0,9.785,9.785,3.6040239101909903,0.7208047820381981,1.3205128205128205
2020-03-01,142.0,142.0,39.0,0.0,13.49,13.49,4.968654322787579,0.9937308645575158,1.8205128205128205
2020-03-02,212.0,212.0,70.0,0.0,20.14,20.14,7.417990960781456,1.4835981921562913,2.717948717948718
2020-03-03,337.0,338.0,126.0,1.0,32.015,32.11,11.791806385770522,2.3583612771541045,4.333333333333333
2020-03-04,528.0,530.0,192.0,2.0,50.160000000000004,50.35,18.474996355153817,3.6949992710307633,6.794871794871795
2020-03-05,769.0,771.0,241.0,2.0,73.055,73.245,26.907712494532735,5.381542498906548,9.884615384615385
2020-03-06,1182.0,1184.0,413.0,2.0,112.29,112.48,41.35879865869661,8.271759731739321,15.179487179487179
2020-03-07,1828.0,1834.0,650.0,6.0,173.66,174.23,63.962676775040094,12.79253535500802,23.512820512820515
2020-03-08,2695.0,2705.0,871.0,10.0,256.025,256.975,94.29946056276424,18.85989211255285,34.67948717948718
2020-03-09,4000.0,4013.0,1308.0,13.0,380.0,381.235,139.9620935996501,27.992418719930022,51.44871794871795
2020-03-10,5823.0,5839.0,1826.0,16.0,553.1850000000001,554.705,203.74981775769064,40.74996355153813,74.85897435897436
2020-03-11,8539.0,8559.0,2720.0,20.0,811.205,813.105,298.7840793118531,59.756815862370615,109.73076923076923
2020-03-12,12735.0,12762.0,4203.0,27.0,1209.825,1212.39,445.60431549788603,89.1208630995772,163.6153846153846
2020-03-13,18951.0,18988.0,6226.0,37.0,1800.345,1803.8600000000001,663.1054089517423,132.62108179034848,243.43589743589743
2020-03-14,28114.0,28174.0,9186.0,60.0,2670.83,2676.53,983.7235748651407,196.74471497302815,361.20512820512823
2020-03-15,30572.0,30673.0,2499.0,101.0,2904.34,2913.935,1069.7302813821257,213.94605627642514,393.2435897435897
2020-03-16,33246.0,33398.0,2725.0,152.0,3158.37,3172.81,1163.294940953492,232.6589881906984,428.1794871794872
2020-03-17,35916.0,36109.0,2711.0,192.0,3412.02,3430.355,1256.719638431258,251.34392768625162,462.93589743589746
2020-03-18,38714.0,39009.0,2900.0,293.0,3677.83,3705.855,1354.6231229042135,270.9246245808427,500.11538461538464
2020-03-19,41436.0,41878.0,2869.0,440.0,3936.42,3978.41,1449.8673275987755,289.9734655197551,536.8974358974359
2020-03-20,44075.0,44723.0,2845.0,645.0,4187.125,4248.685,1542.2073188511445,308.4414637702289,573.3717948717949
2020-03-21,46612.0,47496.0,2773.0,877.0,4428.14,4512.12,1630.9782767167228,326.1956553433446,608.9230769230769
2020-03-22,48967.0,50243.0,2747.0,1266.0,4651.865,4773.085,1713.3809593235164,342.6761918647033,644.1410256410256
2020-03-23,51215.0,52938.0,2695.0,1709.0,4865.425,5029.11,1792.03965592652,358.40793118530405,678.6923076923077
2020-03-24,53315.0,55626.0,2688.0,2293.0,5064.925,5284.47,1865.5197550663365,373.1039510132673,713.1538461538462
2020-03-25,55186.0,58194.0,2568.0,2983.0,5242.67,5528.43,1930.9870243475727,386.19740486951457,746.0769230769231
2020-03-26,56875.0,60690.0,2496.0,3785.0,5403.125,5765.55,1990.086018370025,398.01720367400503,778.0769230769231
2020-03-27,58447.0,63228.0,2538.0,4746.0,5552.465,6006.66,2045.0911211546872,409.01822423093745,810.6153846153846
2020-03-28,59838.0,65669.0,2441.0,5791.0,5684.61,6238.555,2093.7629392039657,418.7525878407932,841.9102564102565
2020-03-29,60464.0,67522.0,1853.0,7016.0,5744.08,6414.59,2115.6670068523113,423.13340137046225,865.6666666666666
2020-03-30,60891.0,69294.0,1772.0,8353.0,5784.645,6582.93,2130.6079603440735,426.1215920688147,888.3846153846154
2020-03-31,61116.0,71030.0,1736.0,9854.0,5806.02,6747.85,2138.480828109054,427.69616562181085,910.6410256410256
2020-04-01,61065.0,72647.0,1617.0,11515.0,5801.175,6901.465,2136.6963114156583,427.3392622831317,931.3717948717949
2020-04-02,60781.0,74128.0,1481.0,13271.0,5774.195,7042.16,2126.759002770083,425.3518005540166,950.3589743589744
2020-04-03,60211.0,75520.0,1392.0,15225.0,5720.045,7174.4,2106.8144044321334,421.3628808864267,968.2051282051282
2020-04-04,59523.0,76907.0,1387.0,17291.0,5654.685,7306.165,2082.7409243329935,416.5481848665987,985.9871794871794
2020-04-05,58749.0,78187.0,1280.0,19335.0,5581.155,7427.765,2055.658259221461,411.1316518442922,1002.3974358974359
2020-04-06,57934.0,79480.0,1293.0,21428.0,5503.7300000000005,7550.6,2027.1409826505324,405.4281965301065,1018.974358974359
2020-04-07,56827.0,80621.0,1141.0,23663.0,5398.5650000000005,7658.995,1988.4064732468291,397.68129464936584,1033.6025641025642
2020-04-08,55660.0,81771.0,1150.0,25972.0,5363.90119047619,7880.1933928571425,1865.7427196849576,373.14854393699153,1048.3461538461538
2020-04-09,54321.0,82806.0,1035.0,28337.0,5309.231071428571,8093.300714285714,1745.4097508690209,349.0819501738042,1061.6153846153845
2020-04-10,53001.0,83827.0,1021.0,30672.0,5252.777678571429,8307.854464285714,1633.3920976052757,326.67841952105516,1074.7051282051282
2020-04-11,51581.0,84806.0,979.0,33061.0,5182.662380952381,8520.983809523808,1525.5327327824746,305.10654655649495,1087.2564102564102
2020-04-12,49915.0,85732.0,926.0,35648.0,5083.605059523809,8731.395952380952,1417.5231059542455,283.5046211908491,1099.128205128205
2020-04-13,48461.0,86593.0,861.0,37956.0,5001.867499999999,8937.634642857141,1322.1909861759489,264.43819723518976,1110.1666666666667
2020-04-14,47157.0,87613.0,1020.0,40272.0,4931.836249999999,9162.859583333333,1236.7444897952994,247.34889795905988,1123.2435897435898
2020-04-15,45816.0,88605.0,992.0,42599.0,4854.314285714285,9387.910714285714,1155.5966204471408,231.11932408942818,1135.9615384615386
2020-04-16,44420.0,89573.0,968.0,44953.0,4767.217857142857,9613.10232142857,1078.0538972956106,215.6107794591221,1148.371794871795
2020-04-17,43063.0,90544.0,971.0,47268.0,4680.537976190475,9841.270476190475,1006.1229653279249,201.224593065585,1160.820512820513
2020-04-18,41681.0,91476.0,932.0,49570.0,4587.391011904761,10067.804999999998,937.9431074913418,187.58862149826837,1172.7692307692307
2020-04-19,40441.0,92430.0,954.0,51755.0,4506.282857142856,10299.342857142856,876.9068300207359,175.3813660041472,1185.0
2020-04-20,39199.0,93367.0,937.0,53926.0,4421.553869047618,10531.575297619045,819.4009156461403,163.88018312922807,1197.0128205128206
2020-04-21,37941.0,94238.0,871.0,56049.0,4331.597499999999,10758.838333333331,764.9130399443411,152.98260798886824,1208.179487179487
2020-04-22,36648.0,95063.0,825.0,58160.0,4234.152857142856,10983.171607142855,712.8904099967535,142.5780819993507,1218.7564102564102
2020-04-23,35505.0,95926.0,863.0,60158.0,4150.70357142857,11214.206190476187,666.6749952993047,133.33499905986093,1229.820512820513
2020-04-24,34468.0,96819.0,893.0,62082.0,4076.6616666666655,11451.151964285711,624.987861892705,124.99757237854101,1241.2692307692307
2020-04-25,33439.0,97660.0,841.0,63944.0,4000.737499999999,11684.321428571426,585.7525783424163,117.15051566848327,1252.051282051282
2020-04-26,32448.0,98447.0,787.0,65716.0,3926.5942857142845,11913.258988095235,549.3193497569343,109.86386995138687,1262.1410256410256
2020-04-27,31405.0,99179.0,732.0,67487.0,3843.373809523808,12137.620476190472,514.0182830893211,102.80365661786423,1271.525641025641
2020-04-28,30433.0,99916.0,737.0,69190.0,3766.083749999999,12364.604999999996,481.75962254933836,96.35192450986767,1280.974358974359
2020-04-29,29672.0,100713.0,797.0,70742.0,3712.5323809523798,12601.11464285714,454.4622194912684,90.89244389825369,1291.1923076923076
2020-04-30,28921.0,101485.0,772.0,72258.0,3658.1622023809505,12836.64434523809,428.73170611559595,85.7463412231192,1301.0897435897436
2020-05-01,28082.0,102172.0,687.0,73778.0,3590.4842857142844,13063.419999999995,403.0642722252343,80.61285444504686,1309.8974358974358
2020-05-02,27357.0,102891.0,719.0,75217.0,3535.2408928571417,13296.21196428571,380.3103107970985,76.06206215941971,1319.1153846153845
2020-05-03,26653.0,103664.0,773.0,76686.0,3480.7548809523796,13538.024761904757,358.99246197413584,71.79849239482716,1329.025641025641
2020-05-04,25953.0,104331.0,667.0,78049.0,3424.8691071428552,13767.965892857135,338.79702436437367,67.75940487287474,1337.576923076923
2020-05-05,25361.0,105083.0,752.0,79390.0,3381.4666666666667,14011.066666666666,320.97515625,64.19503125,1347.2179487179487
2020-05-06,24826.0,105835.0,752.0,80671.0,3310.133333333333,14111.333333333334,314.2040625,62.840812500000006,1356.8589743589744
2020-05-07,24319.0,106537.0,702.0,81872.0,3242.5333333333333,14204.933333333332,307.78734375,61.55746875,1365.8589743589744
2020-05-08,23795.0,107185.0,648.0,83033.0,3172.6666666666665,14291.333333333334,301.15546875,60.23109375000001,1374.1666666666667
2020-05-09,23328.0,107871.0,686.0,84181.0,3110.4,14382.8,295.245,59.04900000000001,1382.9615384615386
2020-05-10,22894.0,108558.0,687.0,85297.0,3052.5333333333333,14474.4,289.7521875,57.9504375,1391.7692307692307
2020-05-11,22385.0,109170.0,612.0,86417.0,2984.6666666666665,14556.0,283.31015625,56.66203125,1399.6153846153845
2020-05-12,21939.0,109842.0,672.0,87530.0,2925.2,14645.6,277.66546875,55.533093750000006,1408.2307692307693
2020-05-13,21416.0,110464.0,622.0,88666.0,2855.4666666666667,14728.533333333333,271.04625,54.20925,1416.2051282051282
2020-05-14,20969.0,111031.0,567.0,89675.0,2795.866666666667,14804.133333333333,265.38890625,53.07778125,1423.474358974359
2020-05-15,20625.0,111651.0,620.0,90636.0,2750.0,14886.8,261.03515625,52.20703125,1431.423076923077
2020-05-16,20336.0,112308.0,657.0,91579.0,2711.4666666666667,14974.4,257.3775,51.475500000000004,1439.8461538461538
2020-05-17,20058.0,112961.0,653.0,92507.0,2674.4,15061.466666666667,253.85906250000002,50.77181250000001,1448.2179487179487
2020-05-18,19758.0,113532.0,571.0,93378.0,2634.4,15137.6,250.06218750000002,50.012437500000004,1455.5384615384614
2020-05-19,19507.0,114180.0,648.0,94273.0,2600.9333333333334,15224.0,246.88546875,49.37709375,1463.8461538461538
2020-05-20,19282.0,114840.0,660.0,95155.0,2570.9333333333334,15312.0,244.0378125,48.8075625,1472.3076923076924
2020-05-21,19022.0,115441.0,601.0,96013.0,2536.2666666666664,15392.133333333333,240.74718749999997,48.1494375,1480.0128205128206
2020-05-22,18829.0,116080.0,639.0,96842.0,2510.5333333333333,15477.333333333334,238.30453124999997,47.66090625,1488.2051282051282
2020-05-23,18565.0,116702.0,622.0,97726.0,2475.3333333333335,15560.266666666666,234.96328125000002,46.99265625000001,1496.179487179487
2020-05-24,18313.0,117267.0,565.0,98541.0,2441.733333333333,15635.6,231.77390624999998,46.35478125,1503.423076923077
2020-05-25,18030.0,117825.0,558.0,99379.0,2404.0,15710.0,228.19218750000002,45.63843750000001,1510.576923076923
2020-05-26,17862.0,118438.0,613.0,100157.0,2381.6,15791.733333333334,226.0659375,45.213187500000004,1518.4358974358975
2020-05-27,17663.0,119024.0,586.0,100936.0,2355.0666666666666,15869.866666666667,223.54734375,44.709468750000006,1525.948717948718
2020-05-28,17448.0,119572.0,548.0,101698.0,2326.4,15942.933333333332,220.82625000000002,44.16525000000001,1532.974358974359
2020-05-29,17204.0,120084.0,512.0,102448.0,2293.866666666667,16011.199999999999,217.738125,43.547625000000004,1539.5384615384614
2020-05-30,16987.0,120598.0,514.0,103174.0,2264.9333333333334,16079.733333333334,214.99171875000002,42.998343750000004,1546.128205128205
2020-05-31,16702.0,121040.0,442.0,103900.0,2226.9333333333334,16138.666666666666,211.3846875,42.2769375,1551.7948717948718
2020-06-01,16365.0,121465.0,425.0,104656.0,2182.0,16195.333333333334,207.11953125000002,41.42390625000001,1557.2435897435898
2020-06-02,16165.0,121983.0,518.0,105369.0,2155.3333333333335,16264.4,204.58828125000002,40.91765625000001,1563.8846153846155
2020-06-03,15995.0,122494.0,511.0,106049.0,2132.6666666666665,16332.533333333333,202.43671874999998,40.48734375,1570.4358974358975
2020-06-04,15706.0,122942.0,448.0,106784.0,2094.133333333333,16392.266666666666,198.7790625,39.755812500000005,1576.179487179487
2020-06-05,15374.0,123365.0,423.0,107535.0,2049.866666666667,16448.666666666668,194.5771875,38.9154375,1581.6025641025642
2020-06-06,15107.0,123746.0,381.0,108180.0,2014.2666666666667,16499.466666666667,191.19796875,38.239593750000004,1586.4871794871794
2020-06-07,14799.0,124127.0,381.0,108866.0,1973.2,16550.266666666666,187.29984375,37.45996875,1591.371794871795
2020-06-08,14510.0,124502.0,375.0,109524.0,1934.6666666666667,16600.266666666666,183.6421875,36.728437500000005,1596.179487179487
2020-06-09,14205.0,124845.0,343.0,110171.0,1894.0,16646.0,179.78203125000002,35.95640625000001,1600.576923076923
2020-06-10,13897.0,125199.0,354.0,110830.0,1852.9333333333334,16693.2,175.88390625000002,35.176781250000005,1605.1153846153845
2020-06-11,13589.0,125502.0,303.0,111439.0,1811.8666666666666,16733.6,171.98578125,34.39715625,1609.0
2020-06-12,13274.0,125812.0,310.0,112063.0,1769.8666666666666,16774.933333333334,167.99906249999998,33.5998125,1612.974358974359
2020-06-13,12941.0,126107.0,295.0,112688.0,1725.4666666666667,16814.266666666666,163.78453125000001,32.75690625000001,1616.7564102564102
2020-06-14,12648.0,126417.0,310.0,113288.0,1686.3999999999999,16855.6,160.07625,32.01525,1620.7307692307693
2020-06-15,12299.0,126693.0,276.0,113911.0,1639.8666666666666,16892.4,155.65921874999998,31.131843749999998,1624.2692307692307
2020-06-16,11999.0,126983.0,290.0,114500.0,1599.8666666666666,16931.066666666666,151.86234374999998,30.372468749999996,1627.9871794871794
2020-06-17,11710.0,127245.0,262.0,115050.0,1561.3333333333333,16966.0,148.2046875,29.640937500000003,1631.3461538461538
2020-06-18,11400.0,127491.0,246.0,115605.0,1520.0,16998.8,144.28125,28.856250000000003,1634.5
2020-06-19,11018.0,127684.0,193.0,116180.0,1469.0666666666666,17024.533333333333,139.4465625,27.889312500000003,1636.974358974359
2020-06-20,10692.0,127924.0,240.0,116745.0,1425.6,17056.533333333333,135.320625,27.064125000000004,1640.051282051282
2020-06-21,10372.0,128136.0,212.0,117275.0,1382.9333333333334,17084.8,131.27062500000002,26.254125000000005,1642.7692307692307
2020-06-22,10082.0,128336.0,200.0,117764.0,1344.2666666666667,17111.466666666667,127.6003125,25.5200625,1645.3333333333333
2020-06-23,9740.0,128517.0,181.0,118286.0,1298.6666666666667,17135.6,123.27187500000001,24.654375,1647.6538461538462
2020-06-24,9374.0,128684.0,167.0,118819.0,1249.8666666666666,17157.866666666665,118.63968749999998,23.727937499999996,1649.7948717948718
2020-06-25,9080.0,128868.0,184.0,119294.0,1210.6666666666667,17182.4,114.91875000000002,22.983750000000004,1652.1538461538462
2020-06-26,8728.0,129025.0,157.0,119801.0,1163.7333333333333,17203.333333333332,110.46374999999999,22.09275,1654.1666666666667
2020-06-27,8391.0,129150.0,125.0,120261.0,1118.8,17220.0,106.19859374999999,21.239718749999998,1655.7692307692307
2020-06-28,8056.0,129264.0,114.0,120708.0,1074.1333333333332,17235.2,101.95874999999998,20.39175,1657.2307692307693
2020-06-29,7754.0,129395.0,131.0,121141.0,1033.8666666666666,17252.666666666668,98.1365625,19.627312500000002,1658.9102564102564
2020-06-30,7439.0,129523.0,128.0,121583.0,991.8666666666667,17269.733333333334,94.14984375,18.829968750000003,1660.551282051282
2020-07-01,7121.0,129637.0,114.0,122014.0,949.4666666666667,17284.933333333334,90.12515625,18.02503125,1662.0128205128206
2020-07-02,6811.0,129737.0,100.0,122423.0,908.1333333333333,17298.266666666666,86.20171875,17.24034375,1663.2948717948718
2020-07-03,6557.0,129856.0,119.0,122794.0,874.2666666666667,17314.13333333333,82.98703125,16.597406250000002,1664.820512820513
2020-07-04,6294.0,129960.0,104.0,123161.0,839.1999999999999,17328.0,79.65843749999999,15.931687499999999,1666.1538461538462
2020-07-05,6040.0,130063.0,103.0,123518.0,805.3333333333334,17341.733333333334,76.44375000000001,15.288750000000002,1667.474358974359
2020-07-06,5730.0,130136.0,73.0,123900.0,764.0,17351.466666666667,72.5203125,14.504062500000002,1668.4102564102564
2020-07-07,5440.0,130214.0,78.0,124268.0,725.3333333333334,17361.866666666665,68.85000000000001,13.770000000000003,1669.4102564102564
2020-07-08,5188.0,130305.0,91.0,124611.0,691.7333333333333,17374.0,65.660625,13.132125,1670.576923076923
2020-07-09,4942.0,130382.0,77.0,124932.0,658.9333333333333,17384.266666666666,62.54718749999999,12.509437499999999,1671.5641025641025
2020-07-10,4681.0,130446.0,64.0,125256.0,624.1333333333333,17392.8,59.24390625,11.848781250000002,1672.3846153846155
2020-07-11,4444.0,130516.0,70.0,125562.0,592.5333333333333,17402.13333333333,56.244375,11.248875,1673.2820512820513
2020-07-12,4251.0,130591.0,75.0,125827.0,566.8,17412.13333333333,53.80171874999999,10.760343749999999,1674.2435897435898
2020-07-13,4073.0,130649.0,58.0,126063.0,543.0666666666666,17419.866666666665,51.548906249999995,10.30978125,1674.9871794871794
2020-07-14,3889.0,130710.0,61.0,126307.0,518.5333333333333,17428.0,49.220156249999995,9.84403125,1675.7692307692307
2020-07-15,3706.0,130772.0,62.0,126550.0,494.1333333333333,17436.266666666666,46.9040625,9.380812500000001,1676.5641025641025
2020-07-16,3520.0,130828.0,56.0,126792.0,469.3333333333333,17443.733333333334,44.550000000000004,8.910000000000002,1677.2820512820513
2020-07-17,3332.0,130876.0,48.0,127028.0,444.26666666666665,17450.13333333333,42.170625,8.434125,1677.8974358974358
2020-07-18,3200.0,130919.0,43.0,127202.0,426.6666666666667,17455.866666666665,40.5,8.1,1678.448717948718
2020-07-19,3034.0,130966.0,47.0,127414.0,404.5333333333333,17462.13333333333,38.3990625,7.679812500000001,1679.051282051282
2020-07-20,2865.0,131002.0,36.0,127619.0,382.0,17466.933333333334,36.26015625,7.252031250000001,1679.5128205128206
2020-07-21,2721.0,131038.0,36.0,127798.0,362.8,17471.733333333334,34.43765625,6.887531250000001,1679.974358974359
2020-07-22,2573.0,131075.0,37.0,127982.0,343.06666666666666,17476.666666666668,32.56453125,6.51290625,1680.448717948718
2020-07-23,2440.0,131097.0,22.0,128136.0,325.3333333333333,17479.6,30.881249999999998,6.17625,1680.7307692307693
2020-07-24,2329.0,131135.0,38.0,128285.0,310.5333333333333,17484.666666666668,29.47640625,5.89528125,1681.2179487179487
2020-07-25,2226.0,131169.0,34.0,128422.0,296.8,17489.2,28.172812500000003,5.634562500000001,1681.6538461538462
2020-07-26,2131.0,131202.0,33.0,128549.0,284.1333333333333,17493.6,26.970468750000002,5.394093750000001,1682.076923076923
2020-07-27,2018.0,131234.0,32.0,128693.0,269.06666666666666,17497.866666666665,25.5403125,5.1080625,1682.4871794871794
2020-07-28,1925.0,131266.0,32.0,128818.0,256.6666666666667,17502.13333333333,24.363281250000004,4.872656250000001,1682.8974358974358
2020-07-29,1843.0,131287.0,21.0,128921.0,245.73333333333332,17504.933333333334,23.32546875,4.66509375,1683.1666666666667
2020-07-30,1765.0,131308.0,21.0,129018.0,235.33333333333334,17507.733333333334,22.33828125,4.46765625,1683.4358974358975
2020-07-31,1665.0,131333.0,25.0,129141.0,222.0,17511.066666666666,21.07265625,4.21453125,1683.7564102564102
2020-08-01,1576.0,131353.0,20.0,129249.0,210.13333333333333,17513.733333333334,19.94625,3.98925,1684.0128205128206
2020-08-02,1489.0,131370.0,17.0,129351.0,198.53333333333333,17516.0,18.845156250000002,3.7690312500000007,1684.2307692307693
2020-08-03,1414.0,131386.0,16.0,129441.0,188.53333333333333,17518.13333333333,17.895937500000002,3.5791875000000006,1684.4358974358975
2020-08-04,1362.0,131411.0,25.0,129517.0,181.6,17521.466666666667,17.2378125,3.4475625,1684.7564102564102
2020-08-05,1300.0,131434.0,23.0,129602.0,173.33333333333334,17524.533333333333,16.453125000000004,3.290625000000001,1685.051282051282
2020-08-06,1222.0,131447.0,13.0,129693.0,162.93333333333334,17526.266666666666,15.465937499999999,3.0931875,1685.2179487179487
2020-08-07,1151.0,131471.0,24.0,129787.0,153.46666666666667,17529.466666666667,14.567343750000001,2.9134687500000003,1685.525641025641
2020-08-08,1097.0,131483.0,12.0,129852.0,146.26666666666665,17531.066666666666,13.883906249999999,2.77678125,1685.679487179487
2020-08-09,1031.0,131488.0,5.0,129923.0,137.46666666666667,17531.733333333334,13.04859375,2.6097187500000003,1685.7435897435898
2020-08-10,970.0,131496.0,8.0,129992.0,129.33333333333334,17532.8,12.2765625,2.4553125000000002,1685.8461538461538
2020-08-11,920.0,131509.0,13.0,130055.0,122.66666666666667,17534.533333333333,11.64375,2.3287500000000003,1686.0128205128206
2020-08-12,877.0,131520.0,11.0,130109.0,116.93333333333334,17536.0,11.09953125,2.21990625,1686.1538461538462
2020-08-13,831.0,131524.0,4.0,130159.0,110.8,17536.533333333333,10.51734375,2.10346875,1686.2051282051282
2020-08-14,770.0,131531.0,7.0,130227.0,102.66666666666667,17537.466666666667,9.7453125,1.9490625000000001,1686.2948717948718
2020-08-15,730.0,131540.0,9.0,130276.0,97.33333333333333,17538.666666666668,9.2390625,1.8478124999999999,1686.4102564102564
2020-08-16,698.0,131553.0,13.0,130320.0,93.06666666666666,17540.4,8.8340625,1.7668125000000001,1686.576923076923
2020-08-17,669.0,131563.0,10.0,130359.0,89.2,17541.733333333334,8.46703125,1.69340625,1686.7051282051282
2020-08-18,631.0,131570.0,7.0,130403.0,84.13333333333333,17542.666666666668,7.986093749999999,1.59721875,1686.7948717948718
2020-08-19,594.0,131580.0,10.0,130450.0,79.2,17544.0,7.5178125,1.5035625000000001,1686.923076923077
2020-08-20,566.0,131586.0,6.0,130484.0,75.46666666666667,17544.8,7.1634375,1.4326875000000001,1687.0
2020-08-21,540.0,131593.0,7.0,130517.0,72.0,17545.733333333334,6.834375,1.366875,1687.0897435897436
2020-08-22,518.0,131601.0,8.0,130546.0,69.06666666666666,17546.8,6.5559375,1.3111875,1687.1923076923076
2020-08-23,492.0,131606.0,5.0,130577.0,65.6,17547.466666666667,6.226874999999999,1.245375,1687.2564102564102
2020-08-24,467.0,131615.0,9.0,130611.0,62.266666666666666,17548.666666666668,5.910468750000001,1.1820937500000002,1687.371794871795
2020-08-25,435.0,131620.0,5.0,130648.0,58.0,17549.333333333332,5.50546875,1.1010937500000002,1687.4358974358975
2020-08-26,408.0,131625.0,5.0,130680.0,54.4,17550.0,5.16375,1.03275,1687.5
2020-08-27,378.0,131628.0,3.0,130713.0,50.4,17550.4,4.784062499999999,0.9568124999999998,1687.5384615384614
2020-08-28,346.0,131628.0,0.0,130745.0,46.13333333333333,17550.4,4.3790625,0.8758125,1687.5384615384614
2020-08-29,330.0,131633.0,5.0,130766.0,44.0,17551.066666666666,4.1765625,0.8353125000000001,1687.6025641025642
2020-08-30,305.0,131636.0,3.0,130794.0,40.666666666666664,17551.466666666667,3.8601562499999997,0.77203125,1687.6410256410256
2020-08-31,278.0,131638.0,2.0,130822.0,37.06666666666666,17551.733333333334,3.5184374999999997,0.7036875,1687.6666666666667
2020-09-01,266.0,131644.0,6.0,130840.0,35.46666666666667,17552.533333333333,3.3665625,0.6733125000000001,1687.7435897435898
2020-09-02,248.0,131647.0,3.0,130861.0,33.06666666666666,17552.933333333334,3.1387499999999995,0.6277499999999999,1687.7820512820513
2020-09-03,227.0,131650.0,3.0,130885.0,30.266666666666666,17553.333333333332,2.8729687499999996,0.5745937499999999,1687.820512820513
2020-09-04,214.0,131652.0,2.0,130900.0,28.53333333333333,17553.6,2.7084375,0.5416875,1687.8461538461538
2020-09-05,201.0,131655.0,3.0,130916.0,26.8,17554.0,2.54390625,0.5087812500000001,1687.8846153846155
2020-09-06,181.0,131655.0,0.0,130936.0,24.133333333333333,17554.0,2.29078125,0.45815625000000004,1687.8846153846155
2020-09-07,177.0,131658.0,3.0,130943.0,23.6,17554.4,2.24015625,0.44803125000000005,1687.923076923077
2020-09-08,163.0,131658.0,0.0,130957.0,21.733333333333334,17554.4,2.06296875,0.41259375000000004,1687.923076923077
2020-09-09,151.0,131658.0,0.0,130969.0,20.133333333333333,17554.4,1.91109375,0.38221875000000005,1687.923076923077
2020-09-10,140.0,131658.0,0.0,130980.0,18.666666666666668,17554.4,1.771875,0.35437500000000005,1687.923076923077
2020-09-11,133.0,131660.0,2.0,130989.0,17.733333333333334,17554.666666666668,1.68328125,0.33665625000000005,1687.948717948718
2020-09-12,125.0,131662.0,2.0,130999.0,16.666666666666668,17554.933333333334,1.58203125,0.31640625,1687.974358974359
2020-09-13,118.0,131664.0,2.0,131008.0,15.733333333333333,17555.2,1.4934375,0.2986875,1688.0
2020-09-14,114.0,131668.0,4.0,131016.0,15.2,17555.733333333334,1.4428124999999998,0.2885625,1688.051282051282
2020-09-15,107.0,131669.0,1.0,131024.0,14.266666666666666,17555.866666666665,1.35421875,0.27084375,1688.0641025641025
2020-09-16,101.0,131669.0,0.0,131030.0,13.466666666666667,17555.866666666665,1.27828125,0.25565625000000003,1688.0641025641025
2020-09-17,95.0,131670.0,1.0,131037.0,12.666666666666666,17556.0,1.2023437499999998,0.24046874999999998,1688.076923076923
2020-09-18,91.0,131671.0,1.0,131042.0,12.133333333333333,17556.13333333333,1.1517187500000001,0.23034375000000004,1688.0897435897436
2020-09-19,85.0,131672.0,1.0,131049.0,11.333333333333334,17556.266666666666,1.0757812500000001,0.21515625000000005,1688.1025641025642
2020-09-20,77.0,131673.0,1.0,131058.0,10.266666666666666,17556.4,0.97453125,0.19490625,1688.1153846153845
2020-09-21,71.0,131675.0,2.0,131066.0,9.466666666666667,17556.666666666668,0.8985937500000001,0.17971875000000004,1688.1410256410256
2020-09-22,69.0,131679.0,4.0,131072.0,9.2,17557.2,0.8732812499999999,0.17465624999999999,1688.1923076923076
2020-09-23,63.0,131680.0,1.0,131079.0,8.4,17557.333333333332,0.79734375,0.15946875000000002,1688.2051282051282
2020-09-24,60.0,131681.0,1.0,131083.0,8.0,17557.466666666667,0.759375,0.151875,1688.2179487179487
2020-09-25,55.0,131681.0,0.0,131088.0,7.333333333333333,17557.466666666667,0.6960937500000001,0.13921875000000003,1688.2179487179487
2020-09-26,53.0,131681.0,0.0,131090.0,7.066666666666666,17557.466666666667,0.67078125,0.13415625,1688.2179487179487
2020-09-27,50.0,131681.0,0.0,131093.0,6.666666666666667,17557.466666666667,0.6328125,0.1265625,1688.2179487179487
2020-09-28,50.0,131683.0,2.0,131095.0,6.666666666666667,17557.733333333334,0.6328125,0.1265625,1688.2435897435898
2020-09-29,47.0,131684.0,1.0,131099.0,6.266666666666667,17557.866666666665,0.59484375,0.11896875000000001,1688.2564102564102
2020-09-30,44.0,131684.0,0.0,131102.0,5.866666666666666,17557.866666666665,0.556875,0.111375,1688.2564102564102
2020-10-01,42.0,131685.0,1.0,131105.0,5.6,17558.0,0.5315624999999999,0.10631249999999999,1688.2692307692307
2020-10-02,38.0,131685.0,0.0,131109.0,5.066666666666666,17558.0,0.4809375,0.09618750000000001,1688.2692307692307
2020-10-03,36.0,131685.0,0.0,131111.0,4.8,17558.0,0.455625,0.09112500000000001,1688.2692307692307
2020-10-04,35.0,131685.0,0.0,131112.0,4.666666666666667,17558.0,0.44296875,0.08859375000000001,1688.2692307692307
2020-10-05,34.0,131685.0,0.0,131113.0,4.533333333333333,17558.0,0.4303125,0.0860625,1688.2692307692307
2020-10-06,30.0,131685.0,0.0,131117.0,4.0,17558.0,0.3796875,0.0759375,1688.2692307692307
2020-10-07,31.0,131686.0,1.0,131117.0,4.133333333333333,17558.13333333333,0.39234374999999994,0.07846874999999999,1688.2820512820513
2020-10-08,31.0,131687.0,1.0,131118.0,4.133333333333333,17558.266666666666,0.39234374999999994,0.07846874999999999,1688.2948717948718
2020-10-09,28.0,131687.0,0.0,131121.0,3.7333333333333334,17558.266666666666,0.354375,0.07087500000000001,1688.2948717948718
2020-10-10,28.0,131687.0,0.0,131121.0,3.7333333333333334,17558.266666666666,0.354375,0.07087500000000001,1688.2948717948718
2020-10-11,26.0,131687.0,0.0,131123.0,3.466666666666667,17558.266666666666,0.32906250000000004,0.06581250000000001,1688.2948717948718
2020-10-12,24.0,131687.0,0.0,131125.0,3.2,17558.266666666666,0.30375,0.060750000000000005,1688.2948717948718
2020-10-13,23.0,131687.0,0.0,131126.0,3.0666666666666664,17558.266666666666,0.29109375,0.05821875,1688.2948717948718
2020-10-14,19.0,131687.0,0.0,131130.0,2.533333333333333,17558.266666666666,0.24046875,0.048093750000000005,1688.2948717948718
2020-10-15,17.0,131687.0,0.0,131132.0,2.2666666666666666,17558.266666666666,0.21515625,0.04303125,1688.2948717948718
2020-10-16,15.0,131687.0,0.0,131134.0,2.0,17558.266666666666,0.18984375,0.03796875,1688.2948717948718
2020-10-17,14.0,131687.0,0.0,131135.0,1.8666666666666667,17558.266666666666,0.1771875,0.035437500000000004,1688.2948717948718
2020-10-18,13.0,131687.0,0.0,131136.0,1.7333333333333334,17558.266666666666,0.16453125000000002,0.032906250000000005,1688.2948717948718
2020-10-19,13.0,131687.0,0.0,131136.0,1.7333333333333334,17558.266666666666,0.16453125000000002,0.032906250000000005,1688.2948717948718
2020-10-20,13.0,131687.0,0.0,131136.0,1.7333333333333334,17558.266666666666,0.16453125000000002,0.032906250000000005,1688.2948717948718
2020-10-21,13.0,131687.0,0.0,131136.0,1.7333333333333334,17558.266666666666,0.16453125000000002,0.032906250000000005,1688.2948717948718
2020-10-22,13.0,131687.0,0.0,131136.0,1.7333333333333334,17558.266666666666,0.16453125000000002,0.032906250000000005,1688.2948717948718
2020-10-23,13.0,131687.0,0.0,131136.0,1.7333333333333334,17558.266666666666,0.16453125000000002,0.032906250000000005,1688.2948717948718
2020-10-24,12.0,131687.0,0.0,131137.0,1.6,17558.266666666666,0.151875,0.030375000000000003,1688.2948717948718
2020-10-25,11.0,131687.0,0.0,131138.0,1.4666666666666666,17558.266666666666,0.13921875,0.02784375,1688.2948717948718
2020-10-26,8.0,131687.0,0.0,131141.0,1.0666666666666667,17558.266666666666,0.10124999999999999,0.02025,1688.2948717948718
2020-10-27,6.0,131687.0,0.0,131143.0,0.8,17558.266666666666,0.0759375,0.015187500000000001,1688.2948717948718
2020-10-28,6.0,131687.0,0.0,131143.0,0.8,17558.266666666666,0.0759375,0.015187500000000001,1688.2948717948718
2020-10-29,5.0,131687.0,0.0,131144.0,0.6666666666666666,17558.266666666666,0.06328125,0.01265625,1688.2948717948718
2020-10-30,5.0,131687.0,0.0,131144.0,0.6666666666666666,17558.266666666666,0.06328125,0.01265625,1688.2948717948718
2020-10-31,5.0,131687.0,0.0,131144.0,0.6666666666666666,17558.266666666666,0.06328125,0.01265625,1688.2948717948718
2020-11-01,5.0,131687.0,0.0,131144.0,0.6666666666666666,17558.266666666666,0.06328125,0.01265625,1688.2948717948718
2020-11-02,5.0,131687.0,0.0,131144.0,0.6666666666666666,17558.266666666666,0.06328125,0.01265625,1688.2948717948718
2020-11-03,5.0,131687.0,0.0,131144.0,0.6666666666666666,17558.266666666666,0.06328125,0.01265625,1688.2948717948718
2020-11-04,4.0,131687.0,0.0,131145.0,0.5333333333333333,17558.266666666666,0.050624999999999996,0.010125,1688.2948717948718
2020-11-05,4.0,131687.0,0.0,131145.0,0.5333333333333333,17558.266666666666,0.050624999999999996,0.010125,1688.2948717948718
2020-11-06,4.0,131687.0,0.0,131145.0,0.5333333333333333,17558.266666666666,0.050624999999999996,0.010125,1688.2948717948718
2020-11-07,2.0,131687.0,0.0,131147.0,0.26666666666666666,17558.266666666666,0.025312499999999998,0.0050625,1688.2948717948718
2020-11-08,2.0,131687.0,0.0,131147.0,0.26666666666666666,17558.266666666666,0.025312499999999998,0.0050625,1688.2948717948718
2020-11-09,2.0,131687.0,0.0,131147.0,0.26666666666666666,17558.266666666666,0.025312499999999998,0.0050625,1688.2948717948718
2020-11-10,2.0,131687.0,0.0,131147.0,0.26666666666666666,17558.266666666666,0.025312499999999998,0.0050625,1688.2948717948718
2020-11-11,2.0,131687.0,0.0,131147.0,0.26666666666666666,17558.266666666666,0.025312499999999998,0.0050625,1688.2948717948718
2020-11-12,1.0,131687.0,0.0,131148.0,0.13333333333333333,17558.266666666666,0.012656249999999999,0.00253125,1688.2948717948718
2020-11-13,1.0,131687.0,0.0,131148.0,0.13333333333333333,17558.266666666666,0.012656249999999999,0.00253125,1688.2948717948718
2020-11-14,1.0,131687.0,0.0,131148.0,0.13333333333333333,17558.266666666666,0.012656249999999999,0.00253125,1688.2948717948718
2020-11-15,1.0,131687.0,0.0,131148.0,0.13333333333333333,17558.266666666666,0.012656249999999999,0.00253125,1688.2948717948718
2020-11-16,1.0,131687.0,0.0,131148.0,0.13333333333333333,17558.266666666666,0.012656249999999999,0.00253125,1688.2948717948718
2020-11-17,1.0,131687.0,0.0,131148.0,0.13333333333333333,17558.266666666666,0.012656249999999999,0.00253125,1688.2948717948718
2020-11-18,1.0,131687.0,0.0,131148.0,0.13333333333333333,17558.266666666666,0.012656249999999999,0.00253125,1688.2948717948718
2020-11-19,1.0,131687.0,0.0,131148.0,0.13333333333333333,17558.266666666666,0.012656249999999999,0.00253125,1688.2948717948718
2020-11-20,1.0,131687.0,0.0,131148.0,0.13333333333333333,17558.266666666666,0.012656249999999999,0.00253125,1688.2948717948718
2020-11-21,0.0,131687.0,0.0,131149.0,0.0,17558.266666666666,0.0,0.0,1688.2948717948718
2020-11-22,0.0,131687.0,0.0,131149.0,0.0,17558.266666666666,0.0,0.0,1688.2948717948718
2020-11-23,0.0,131687.0,0.0,131149.0,0.0,17558.266666666666,0.0,0.0,1688.2948717948718
2020-11-24,0.0,131687.0,0.0,131149.0,0.0,17558.266666666666,0.0,0.0,1688.2948717948718
2020-11-25,0.0,131687.0,0.0,131149.0,0.0,17558.266666666666,0.0,0.0,1688.2948717948718
2020-11-26,0.0,131687.0,0.0,131149.0,0.0,17558.266666666666,0.0,0.0,1688.2948717948718
2020-11-27,0.0,131687.0,0.0,131149.0,0.0,17558.266666666666,0.0,0.0,1688.2948717948718
2020-11-28,0.0,131687.0,0.0,131149.0,0.0,17558.266666666666,0.0,0.0,1688.2948717948718
2020-11-29,0.0,131687.0,0.0,131149.0,0.0,17558.266666666666,0.0,0.0,1688.2948717948718
2020-11-30,0.0,131687.0,0.0,131149.0,0.0,17558.266666666666,0.0,0.0,1688.2948717948718
2020-12-01,0.0,131687.0,0.0,131149.0,0.0,17558.266666666666,0.0,0.0,1688.2948717948718
2020-12-02,0.0,131687.0,0.0,131149.0,0.0,17558.266666666666,0.0,0.0,1688.2948717948718
2020-12-03,0.0,131687.0,0.0,131149.0,0.0,17558.266666666666,0.0,0.0,1688.2948717948718
2020-12-04,0.0,131687.0,0.0,131149.0,0.0,17558.266666666666,0.0,0.0,1688.2948717948718
2020-12-05,0.0,131687.0,0.0,131149.0,0.0,17558.266666666666,0.0,0.0,1688.2948717948718
2020-12-06,0.0,131687.0,0.0,131149.0,0.0,17558.266666666666,0.0,0.0,1688.2948717948718
2020-12-07,0.0,131687.0,0.0,131149.0,0.0,17558.266666666666,0.0,0.0,1688.2948717948718
2020-12-08,0.0,131687.0,0.0,131149.0,0.0,17558.266666666666,0.0,0.0,1688.2948717948718
2020-12-09,0.0,131687.0,0.0,131149.0,0.0,17558.266666666666,0.0,0.0,1688.2948717948718
2020-12-10,0.0,131687.0,0.0,131149.0,0.0,17558.266666666666,0.0,0.0,1688.2948717948718
2020-12-11,0.0,131687.0,0.0,131149.0,0.0,17558.266666666666,0.0,0.0,1688.2948717948718
2020-12-12,0.0,131687.0,0.0,131149.0,0.0,17558.266666666666,0.0,0.0,1688.2948717948718
2020-12-13,0.0,131687.0,0.0,131149.0,0.0,17558.266666666666,0.0,0.0,1688.2948717948718
2020-12-14,0.0,131687.0,0.0,131149.0,0.0,17558.266666666666,0.0,0.0,1688.2948717948718
2020-12-15,0.0,131687.0,0.0,131149.0,0.0,17558.266666666666,0.0,0.0,1688.2948717948718
2020-12-16,0.0,131687.0,0.0,131149.0,0.0,17558.266666666666,0.0,0.0,1688.2948717948718
2020-12-17,0.0,131687.0,0.0,131149.0,0.0,17558.266666666666,0.0,0.0,1688.2948717948718
2020-12-18,0.0,131687.0,0.0,131149.0,0.0,17558.266666666666,0.0,0.0,1688.2948717948718
2020-12-19,0.0,131687.0,0.0,131149.0,0.0,17558.266666666666,0.0,0.0,1688.2948717948718
2020-12-20,0.0,131687.0,0.0,131149.0,0.0,17558.266666666666,0.0,0.0,1688.2948717948718
2020-12-21,0.0,131687.0,0.0,131149.0,0.0,17558.266666666666,0.0,0.0,1688.2948717948718
2020-12-22,0.0,131687.0,0.0,131149.0,0.0,17558.266666666666,0.0,0.0,1688.2948717948718
2020-12-23,0.0,131687.0,0.0,131149.0,0.0,17558.266666666666,0.0,0.0,1688.2948717948718
2020-12-24,0.0,131687.0,0.0,131149.0,0.0,17558.266666666666,0.0,0.0,1688.2948717948718
2020-12-25,0.0,131687.0,0.0,131149.0,0.0,17558.266666666666,0.0,0.0,1688.2948717948718
2020-12-26,0.0,131687.0,0.0,131149.0,0.0,17558.266666666666,0.0,0.0,1688.2948717948718
2020-12-27,0.0,131687.0,0.0,131149.0,0.0,17558.266666666666,0.0,0.0,1688.2948717948718
2020-12-28,0.0,131687.0,0.0,131149.0,0.0,17558.266666666666,0.0,0.0,1688.2948717948718
2020-12-29,0.0,131687.0,0.0,131149.0,0.0,17558.266666666666,0.0,0.0,1688.2948717948718
2020-12-30,0.0,131687.0,0.0,131149.0,0.0,17558.266666666666,0.0,0.0,1688.2948717948718
2020-12-31,0.0,131687.0,0.0,131149.0,0.0,17558.266666666666,0.0,0.0,1688.2948717948718
